1105,1093,Infinity,conflicts-clj_slow/aleph-3e9ea4af0c1f359756dad3d30185f7c04287ffae-0501c3e68079f280dde409019d25d0bd2b8f2781/O.clj,conflicts-clj_slow/aleph-3e9ea4af0c1f359756dad3d30185f7c04287ffae-0501c3e68079f280dde409019d25d0bd2b8f2781/A.clj
445,445,Infinity,conflicts-clj_slow/aleph-3e9ea4af0c1f359756dad3d30185f7c04287ffae-b84a6205147d5f71fe88324dc832103d04052d70/O.clj,conflicts-clj_slow/aleph-3e9ea4af0c1f359756dad3d30185f7c04287ffae-b84a6205147d5f71fe88324dc832103d04052d70/A.clj
3522,3514,Infinity,conflicts-clj_slow/aleph-3e9ea4af0c1f359756dad3d30185f7c04287ffae-d19d9d7129ed6997468793956eb5531d069cc9d1/O.clj,conflicts-clj_slow/aleph-3e9ea4af0c1f359756dad3d30185f7c04287ffae-d19d9d7129ed6997468793956eb5531d069cc9d1/A.clj
3522,155,Infinity,conflicts-clj_slow/aleph-3e9ea4af0c1f359756dad3d30185f7c04287ffae-d19d9d7129ed6997468793956eb5531d069cc9d1/O.clj,conflicts-clj_slow/aleph-3e9ea4af0c1f359756dad3d30185f7c04287ffae-d19d9d7129ed6997468793956eb5531d069cc9d1/B.clj
1680,1678,Infinity,conflicts-clj_slow/aleph-3e9ea4af0c1f359756dad3d30185f7c04287ffae-df79427e7e53354304501881f65b572800bc8508/O.clj,conflicts-clj_slow/aleph-3e9ea4af0c1f359756dad3d30185f7c04287ffae-df79427e7e53354304501881f65b572800bc8508/A.clj
4672,6249,Infinity,conflicts-clj_slow/aleph-54823cf84064c8730bb08b326f5abd50e31246d4-628f0a96477ae397f663099d642110698ac4dc9e/O.clj,conflicts-clj_slow/aleph-54823cf84064c8730bb08b326f5abd50e31246d4-628f0a96477ae397f663099d642110698ac4dc9e/A.clj
4672,4756,Infinity,conflicts-clj_slow/aleph-54823cf84064c8730bb08b326f5abd50e31246d4-628f0a96477ae397f663099d642110698ac4dc9e/O.clj,conflicts-clj_slow/aleph-54823cf84064c8730bb08b326f5abd50e31246d4-628f0a96477ae397f663099d642110698ac4dc9e/B.clj
3133,3180,Infinity,conflicts-clj_slow/aleph-865821e478892081511d9e98da0d41cbe5d12b5a-af798d433e2cd610e7bee3ad53dabc0a1fc2b076/O.clj,conflicts-clj_slow/aleph-865821e478892081511d9e98da0d41cbe5d12b5a-af798d433e2cd610e7bee3ad53dabc0a1fc2b076/A.clj
3133,3229,Infinity,conflicts-clj_slow/aleph-865821e478892081511d9e98da0d41cbe5d12b5a-af798d433e2cd610e7bee3ad53dabc0a1fc2b076/O.clj,conflicts-clj_slow/aleph-865821e478892081511d9e98da0d41cbe5d12b5a-af798d433e2cd610e7bee3ad53dabc0a1fc2b076/B.clj
3669,3835,Infinity,conflicts-clj_slow/aleph-a02cdf4e3f840d56fcdb7041b0839bcf6d5613dc-7c7e3074f730ee455f01800dc25187dd861e38c8/O.clj,conflicts-clj_slow/aleph-a02cdf4e3f840d56fcdb7041b0839bcf6d5613dc-7c7e3074f730ee455f01800dc25187dd861e38c8/A.clj
3669,3693,Infinity,conflicts-clj_slow/aleph-a02cdf4e3f840d56fcdb7041b0839bcf6d5613dc-7c7e3074f730ee455f01800dc25187dd861e38c8/O.clj,conflicts-clj_slow/aleph-a02cdf4e3f840d56fcdb7041b0839bcf6d5613dc-7c7e3074f730ee455f01800dc25187dd861e38c8/B.clj
4361,4564,Infinity,conflicts-clj_slow/aleph-b74f4eab55ac145c782de880763d3197846f5900-f9fdce1022ccf3b997f9145b0c1d3e91c8a89098/O.clj,conflicts-clj_slow/aleph-b74f4eab55ac145c782de880763d3197846f5900-f9fdce1022ccf3b997f9145b0c1d3e91c8a89098/A.clj
4361,4362,Infinity,conflicts-clj_slow/aleph-b74f4eab55ac145c782de880763d3197846f5900-f9fdce1022ccf3b997f9145b0c1d3e91c8a89098/O.clj,conflicts-clj_slow/aleph-b74f4eab55ac145c782de880763d3197846f5900-f9fdce1022ccf3b997f9145b0c1d3e91c8a89098/B.clj
4243,4283,Infinity,conflicts-clj_slow/aleph-b9384cb60f1cc3b9866ba0122453579509d3211c-fe13f86c3e5bce966edbbd1182de701b3ca148fd/O.clj,conflicts-clj_slow/aleph-b9384cb60f1cc3b9866ba0122453579509d3211c-fe13f86c3e5bce966edbbd1182de701b3ca148fd/A.clj
4243,4239,Infinity,conflicts-clj_slow/aleph-b9384cb60f1cc3b9866ba0122453579509d3211c-fe13f86c3e5bce966edbbd1182de701b3ca148fd/O.clj,conflicts-clj_slow/aleph-b9384cb60f1cc3b9866ba0122453579509d3211c-fe13f86c3e5bce966edbbd1182de701b3ca148fd/B.clj
3262,3302,Infinity,conflicts-clj_slow/aleph-c2f2722b3db12a8ed784ff71c17b8fc65ac4e8a3-9d2333cd067cf8f102d388b75a42e44ae6637737/O.clj,conflicts-clj_slow/aleph-c2f2722b3db12a8ed784ff71c17b8fc65ac4e8a3-9d2333cd067cf8f102d388b75a42e44ae6637737/A.clj
3262,4243,Infinity,conflicts-clj_slow/aleph-c2f2722b3db12a8ed784ff71c17b8fc65ac4e8a3-9d2333cd067cf8f102d388b75a42e44ae6637737/O.clj,conflicts-clj_slow/aleph-c2f2722b3db12a8ed784ff71c17b8fc65ac4e8a3-9d2333cd067cf8f102d388b75a42e44ae6637737/B.clj
4361,4393,Infinity,conflicts-clj_slow/aleph-d269e55841ae238c2f8068509dc30ed37aafb35b-f9fdce1022ccf3b997f9145b0c1d3e91c8a89098/O.clj,conflicts-clj_slow/aleph-d269e55841ae238c2f8068509dc30ed37aafb35b-f9fdce1022ccf3b997f9145b0c1d3e91c8a89098/A.clj
4361,4575,Infinity,conflicts-clj_slow/aleph-d269e55841ae238c2f8068509dc30ed37aafb35b-f9fdce1022ccf3b997f9145b0c1d3e91c8a89098/O.clj,conflicts-clj_slow/aleph-d269e55841ae238c2f8068509dc30ed37aafb35b-f9fdce1022ccf3b997f9145b0c1d3e91c8a89098/B.clj
4758,4778,Infinity,conflicts-clj_slow/aleph-dab70a357b90f04f3a58fb7ad3134a2bacdcae43-f4195734a308fe59122b9776db3e48cbb9b31523/O.clj,conflicts-clj_slow/aleph-dab70a357b90f04f3a58fb7ad3134a2bacdcae43-f4195734a308fe59122b9776db3e48cbb9b31523/A.clj
4758,4998,Infinity,conflicts-clj_slow/aleph-dab70a357b90f04f3a58fb7ad3134a2bacdcae43-f4195734a308fe59122b9776db3e48cbb9b31523/O.clj,conflicts-clj_slow/aleph-dab70a357b90f04f3a58fb7ad3134a2bacdcae43-f4195734a308fe59122b9776db3e48cbb9b31523/B.clj
4756,6444,Infinity,conflicts-clj_slow/aleph-e90a1299439e4a665792d70b66e265bbe4acb3fd-50d1bc9e3a39d5f9f766ffdd7d53740c29481a8b/O.clj,conflicts-clj_slow/aleph-e90a1299439e4a665792d70b66e265bbe4acb3fd-50d1bc9e3a39d5f9f766ffdd7d53740c29481a8b/A.clj
4756,5018,Infinity,conflicts-clj_slow/aleph-e90a1299439e4a665792d70b66e265bbe4acb3fd-50d1bc9e3a39d5f9f766ffdd7d53740c29481a8b/O.clj,conflicts-clj_slow/aleph-e90a1299439e4a665792d70b66e265bbe4acb3fd-50d1bc9e3a39d5f9f766ffdd7d53740c29481a8b/B.clj
6317,6338,Infinity,conflicts-clj_slow/boot-1edfdb224453af53fabf0172992cb4d524a8afcd-97625134c40a0b2de34260452c390bcf2c85a3f2/O.clj,conflicts-clj_slow/boot-1edfdb224453af53fabf0172992cb4d524a8afcd-97625134c40a0b2de34260452c390bcf2c85a3f2/A.clj
6317,6518,Infinity,conflicts-clj_slow/boot-1edfdb224453af53fabf0172992cb4d524a8afcd-97625134c40a0b2de34260452c390bcf2c85a3f2/O.clj,conflicts-clj_slow/boot-1edfdb224453af53fabf0172992cb4d524a8afcd-97625134c40a0b2de34260452c390bcf2c85a3f2/B.clj
4777,4983,Infinity,conflicts-clj_slow/boot-33e5cee1ba44c28310ff228bdc8429e27480123c-20d6c45ea2e2d53b2bdd84fd639bdeb245feeeab/O.clj,conflicts-clj_slow/boot-33e5cee1ba44c28310ff228bdc8429e27480123c-20d6c45ea2e2d53b2bdd84fd639bdeb245feeeab/A.clj
4777,4765,Infinity,conflicts-clj_slow/boot-33e5cee1ba44c28310ff228bdc8429e27480123c-20d6c45ea2e2d53b2bdd84fd639bdeb245feeeab/O.clj,conflicts-clj_slow/boot-33e5cee1ba44c28310ff228bdc8429e27480123c-20d6c45ea2e2d53b2bdd84fd639bdeb245feeeab/B.clj
4053,4353,Infinity,conflicts-clj_slow/boot-6d47c5c3986937d426ac80b5a2a3b0289dc1fd82-a859d12f60d79af0d1b94b3c411f1dc37658e0a9/O.clj,conflicts-clj_slow/boot-6d47c5c3986937d426ac80b5a2a3b0289dc1fd82-a859d12f60d79af0d1b94b3c411f1dc37658e0a9/A.clj
4053,4010,Infinity,conflicts-clj_slow/boot-6d47c5c3986937d426ac80b5a2a3b0289dc1fd82-a859d12f60d79af0d1b94b3c411f1dc37658e0a9/O.clj,conflicts-clj_slow/boot-6d47c5c3986937d426ac80b5a2a3b0289dc1fd82-a859d12f60d79af0d1b94b3c411f1dc37658e0a9/B.clj
6317,6581,Infinity,conflicts-clj_slow/boot-7681a0509cb3e98e304fe28466631b079be9ecd7-97625134c40a0b2de34260452c390bcf2c85a3f2/O.clj,conflicts-clj_slow/boot-7681a0509cb3e98e304fe28466631b079be9ecd7-97625134c40a0b2de34260452c390bcf2c85a3f2/A.clj
6317,6729,Infinity,conflicts-clj_slow/boot-7681a0509cb3e98e304fe28466631b079be9ecd7-97625134c40a0b2de34260452c390bcf2c85a3f2/O.clj,conflicts-clj_slow/boot-7681a0509cb3e98e304fe28466631b079be9ecd7-97625134c40a0b2de34260452c390bcf2c85a3f2/B.clj
4764,4720,Infinity,conflicts-clj_slow/boot-d6bf1ce92a33fccd68729fd8a23600b149619f66-c71a397a0eb270606df2a3d3894042a83100a03e/O.clj,conflicts-clj_slow/boot-d6bf1ce92a33fccd68729fd8a23600b149619f66-c71a397a0eb270606df2a3d3894042a83100a03e/A.clj
4764,4777,Infinity,conflicts-clj_slow/boot-d6bf1ce92a33fccd68729fd8a23600b149619f66-c71a397a0eb270606df2a3d3894042a83100a03e/O.clj,conflicts-clj_slow/boot-d6bf1ce92a33fccd68729fd8a23600b149619f66-c71a397a0eb270606df2a3d3894042a83100a03e/B.clj
4041,4992,Infinity,conflicts-clj_slow/boot-d6bf1ce92a33fccd68729fd8a23600b149619f66-f2f376d8930a41dce754794d45e3f993e4608f77/O.clj,conflicts-clj_slow/boot-d6bf1ce92a33fccd68729fd8a23600b149619f66-f2f376d8930a41dce754794d45e3f993e4608f77/A.clj
4041,4041,Infinity,conflicts-clj_slow/boot-d6bf1ce92a33fccd68729fd8a23600b149619f66-f2f376d8930a41dce754794d45e3f993e4608f77/O.clj,conflicts-clj_slow/boot-d6bf1ce92a33fccd68729fd8a23600b149619f66-f2f376d8930a41dce754794d45e3f993e4608f77/B.clj
2734,3213,Infinity,conflicts-clj_slow/boot-de16fb099dac2795a5e314038e5edf2d07b92807-2e033a240b2f5ada07aa787daa605c4cff8c8e29/O.clj,conflicts-clj_slow/boot-de16fb099dac2795a5e314038e5edf2d07b92807-2e033a240b2f5ada07aa787daa605c4cff8c8e29/A.clj
2734,2822,Infinity,conflicts-clj_slow/boot-de16fb099dac2795a5e314038e5edf2d07b92807-2e033a240b2f5ada07aa787daa605c4cff8c8e29/O.clj,conflicts-clj_slow/boot-de16fb099dac2795a5e314038e5edf2d07b92807-2e033a240b2f5ada07aa787daa605c4cff8c8e29/B.clj
4010,4444,Infinity,conflicts-clj_slow/boot-e7c8f901859bfdd5e1a262675e6ce4d2e9d2d6c6-11bd0f74ea1d01ed324fad33905868227335e291/O.clj,conflicts-clj_slow/boot-e7c8f901859bfdd5e1a262675e6ce4d2e9d2d6c6-11bd0f74ea1d01ed324fad33905868227335e291/A.clj
4010,4041,Infinity,conflicts-clj_slow/boot-e7c8f901859bfdd5e1a262675e6ce4d2e9d2d6c6-11bd0f74ea1d01ed324fad33905868227335e291/O.clj,conflicts-clj_slow/boot-e7c8f901859bfdd5e1a262675e6ce4d2e9d2d6c6-11bd0f74ea1d01ed324fad33905868227335e291/B.clj
4765,4999,Infinity,conflicts-clj_slow/boot-f33c41fd88c79fd340e7894dbccbebb6dc313bca-4f3be5a36e36b9e7d50f1fad5d1c1bce04073e46/O.clj,conflicts-clj_slow/boot-f33c41fd88c79fd340e7894dbccbebb6dc313bca-4f3be5a36e36b9e7d50f1fad5d1c1bce04073e46/A.clj
4765,4783,Infinity,conflicts-clj_slow/boot-f33c41fd88c79fd340e7894dbccbebb6dc313bca-4f3be5a36e36b9e7d50f1fad5d1c1bce04073e46/O.clj,conflicts-clj_slow/boot-f33c41fd88c79fd340e7894dbccbebb6dc313bca-4f3be5a36e36b9e7d50f1fad5d1c1bce04073e46/B.clj
4974,5457,Infinity,conflicts-clj_slow/boot-f8bbe19befc6ea3fc6bfa6a5a7f3e86d39202eb8-8268955d20946cc7b5d92ead2734421a9d44aaba/O.clj,conflicts-clj_slow/boot-f8bbe19befc6ea3fc6bfa6a5a7f3e86d39202eb8-8268955d20946cc7b5d92ead2734421a9d44aaba/A.clj
4974,4974,Infinity,conflicts-clj_slow/boot-f8bbe19befc6ea3fc6bfa6a5a7f3e86d39202eb8-8268955d20946cc7b5d92ead2734421a9d44aaba/O.clj,conflicts-clj_slow/boot-f8bbe19befc6ea3fc6bfa6a5a7f3e86d39202eb8-8268955d20946cc7b5d92ead2734421a9d44aaba/B.clj
4059,4033,Infinity,conflicts-clj_slow/cascalog-0061ea62b5489fca49c0bc332768e518119c5301-35f89ae7a297b15be1f528379248c0db77871e67/O.clj,conflicts-clj_slow/cascalog-0061ea62b5489fca49c0bc332768e518119c5301-35f89ae7a297b15be1f528379248c0db77871e67/A.clj
4059,4161,Infinity,conflicts-clj_slow/cascalog-0061ea62b5489fca49c0bc332768e518119c5301-35f89ae7a297b15be1f528379248c0db77871e67/O.clj,conflicts-clj_slow/cascalog-0061ea62b5489fca49c0bc332768e518119c5301-35f89ae7a297b15be1f528379248c0db77871e67/B.clj
4554,4614,Infinity,conflicts-clj_slow/cascalog-182d46d64cd1c9d28f4a8139a6131994d621728d-97f7b24a372725363da4982c6756a73c0b6186fb/O.clj,conflicts-clj_slow/cascalog-182d46d64cd1c9d28f4a8139a6131994d621728d-97f7b24a372725363da4982c6756a73c0b6186fb/A.clj
4554,4550,Infinity,conflicts-clj_slow/cascalog-182d46d64cd1c9d28f4a8139a6131994d621728d-97f7b24a372725363da4982c6756a73c0b6186fb/O.clj,conflicts-clj_slow/cascalog-182d46d64cd1c9d28f4a8139a6131994d621728d-97f7b24a372725363da4982c6756a73c0b6186fb/B.clj
6770,6766,Infinity,conflicts-clj_slow/cascalog-1a28fed5e636bd61ada3748b095f20675cb77179-c8ba381c1f5c098e9a843a7456d5a691a2db4833/O.clj,conflicts-clj_slow/cascalog-1a28fed5e636bd61ada3748b095f20675cb77179-c8ba381c1f5c098e9a843a7456d5a691a2db4833/A.clj
6770,6608,Infinity,conflicts-clj_slow/cascalog-1a28fed5e636bd61ada3748b095f20675cb77179-c8ba381c1f5c098e9a843a7456d5a691a2db4833/O.clj,conflicts-clj_slow/cascalog-1a28fed5e636bd61ada3748b095f20675cb77179-c8ba381c1f5c098e9a843a7456d5a691a2db4833/B.clj
4480,4558,Infinity,conflicts-clj_slow/cascalog-1a28fed5e636bd61ada3748b095f20675cb77179-ccac8aa6ea8d59f0b7195c5cd894c4b599fec3db/O.clj,conflicts-clj_slow/cascalog-1a28fed5e636bd61ada3748b095f20675cb77179-ccac8aa6ea8d59f0b7195c5cd894c4b599fec3db/A.clj
4480,4504,Infinity,conflicts-clj_slow/cascalog-1a28fed5e636bd61ada3748b095f20675cb77179-ccac8aa6ea8d59f0b7195c5cd894c4b599fec3db/O.clj,conflicts-clj_slow/cascalog-1a28fed5e636bd61ada3748b095f20675cb77179-ccac8aa6ea8d59f0b7195c5cd894c4b599fec3db/B.clj
4172,4144,Infinity,conflicts-clj_slow/cascalog-2cbf1de20793b47579c28c8df66fd8dbdc3569ff-3f8834c8a97dc66b57ae07eec60c9c7a2b390db0/O.clj,conflicts-clj_slow/cascalog-2cbf1de20793b47579c28c8df66fd8dbdc3569ff-3f8834c8a97dc66b57ae07eec60c9c7a2b390db0/A.clj
4172,4178,Infinity,conflicts-clj_slow/cascalog-2cbf1de20793b47579c28c8df66fd8dbdc3569ff-3f8834c8a97dc66b57ae07eec60c9c7a2b390db0/O.clj,conflicts-clj_slow/cascalog-2cbf1de20793b47579c28c8df66fd8dbdc3569ff-3f8834c8a97dc66b57ae07eec60c9c7a2b390db0/B.clj
6630,6626,Infinity,conflicts-clj_slow/cascalog-2cbf1de20793b47579c28c8df66fd8dbdc3569ff-b450d2576772517e82b39f148bbef3bb4ba95018/O.clj,conflicts-clj_slow/cascalog-2cbf1de20793b47579c28c8df66fd8dbdc3569ff-b450d2576772517e82b39f148bbef3bb4ba95018/A.clj
6630,6652,Infinity,conflicts-clj_slow/cascalog-2cbf1de20793b47579c28c8df66fd8dbdc3569ff-b450d2576772517e82b39f148bbef3bb4ba95018/O.clj,conflicts-clj_slow/cascalog-2cbf1de20793b47579c28c8df66fd8dbdc3569ff-b450d2576772517e82b39f148bbef3bb4ba95018/B.clj
6661,6711,Infinity,conflicts-clj_slow/cascalog-3e92dd56d7612117b72dacdc827e62111d1ac22e-4e57a720c8bca187c4f880c26c03e5423cff0fad/O.clj,conflicts-clj_slow/cascalog-3e92dd56d7612117b72dacdc827e62111d1ac22e-4e57a720c8bca187c4f880c26c03e5423cff0fad/A.clj
6661,6752,Infinity,conflicts-clj_slow/cascalog-3e92dd56d7612117b72dacdc827e62111d1ac22e-4e57a720c8bca187c4f880c26c03e5423cff0fad/O.clj,conflicts-clj_slow/cascalog-3e92dd56d7612117b72dacdc827e62111d1ac22e-4e57a720c8bca187c4f880c26c03e5423cff0fad/B.clj
4504,4582,Infinity,conflicts-clj_slow/cascalog-5187f8f28755949dea5703d76980bfb6bc22bd34-31bdfa4cd57fc74f26e47bed092b9c75158c9505/O.clj,conflicts-clj_slow/cascalog-5187f8f28755949dea5703d76980bfb6bc22bd34-31bdfa4cd57fc74f26e47bed092b9c75158c9505/A.clj
4504,4528,Infinity,conflicts-clj_slow/cascalog-5187f8f28755949dea5703d76980bfb6bc22bd34-31bdfa4cd57fc74f26e47bed092b9c75158c9505/O.clj,conflicts-clj_slow/cascalog-5187f8f28755949dea5703d76980bfb6bc22bd34-31bdfa4cd57fc74f26e47bed092b9c75158c9505/B.clj
4157,4139,Infinity,conflicts-clj_slow/cascalog-5187f8f28755949dea5703d76980bfb6bc22bd34-4f4d6456e1e46a7b8a0b816e4e82ea8c66f2e17c/O.clj,conflicts-clj_slow/cascalog-5187f8f28755949dea5703d76980bfb6bc22bd34-4f4d6456e1e46a7b8a0b816e4e82ea8c66f2e17c/A.clj
4157,4172,Infinity,conflicts-clj_slow/cascalog-5187f8f28755949dea5703d76980bfb6bc22bd34-4f4d6456e1e46a7b8a0b816e4e82ea8c66f2e17c/O.clj,conflicts-clj_slow/cascalog-5187f8f28755949dea5703d76980bfb6bc22bd34-4f4d6456e1e46a7b8a0b816e4e82ea8c66f2e17c/B.clj
6608,6606,Infinity,conflicts-clj_slow/cascalog-5187f8f28755949dea5703d76980bfb6bc22bd34-c24e6f49315f75a146ad5872f1f15efb3522730c/O.clj,conflicts-clj_slow/cascalog-5187f8f28755949dea5703d76980bfb6bc22bd34-c24e6f49315f75a146ad5872f1f15efb3522730c/A.clj
6608,6630,Infinity,conflicts-clj_slow/cascalog-5187f8f28755949dea5703d76980bfb6bc22bd34-c24e6f49315f75a146ad5872f1f15efb3522730c/O.clj,conflicts-clj_slow/cascalog-5187f8f28755949dea5703d76980bfb6bc22bd34-c24e6f49315f75a146ad5872f1f15efb3522730c/B.clj
6712,6710,Infinity,conflicts-clj_slow/cascalog-9b8a820d72959a668b7b5a2bbe96264c01397c3b-0239f83dd720a3ebce2c5809abed6e678653a889/O.clj,conflicts-clj_slow/cascalog-9b8a820d72959a668b7b5a2bbe96264c01397c3b-0239f83dd720a3ebce2c5809abed6e678653a889/A.clj
6712,6768,Infinity,conflicts-clj_slow/cascalog-9b8a820d72959a668b7b5a2bbe96264c01397c3b-0239f83dd720a3ebce2c5809abed6e678653a889/O.clj,conflicts-clj_slow/cascalog-9b8a820d72959a668b7b5a2bbe96264c01397c3b-0239f83dd720a3ebce2c5809abed6e678653a889/B.clj
4676,4740,Infinity,conflicts-clj_slow/cascalog-9b8a820d72959a668b7b5a2bbe96264c01397c3b-7b8c0a2e3c63e8b4cb6e8cafa30c41a115b4176e/O.clj,conflicts-clj_slow/cascalog-9b8a820d72959a668b7b5a2bbe96264c01397c3b-7b8c0a2e3c63e8b4cb6e8cafa30c41a115b4176e/A.clj
4676,4558,Infinity,conflicts-clj_slow/cascalog-9b8a820d72959a668b7b5a2bbe96264c01397c3b-7b8c0a2e3c63e8b4cb6e8cafa30c41a115b4176e/O.clj,conflicts-clj_slow/cascalog-9b8a820d72959a668b7b5a2bbe96264c01397c3b-7b8c0a2e3c63e8b4cb6e8cafa30c41a115b4176e/B.clj
4528,4596,Infinity,conflicts-clj_slow/cascalog-ba2efd09dce2508bbe048278bb26afc0d30af796-82f36083ba35f3d594e5ffc15b763c583a2fa53b/O.clj,conflicts-clj_slow/cascalog-ba2efd09dce2508bbe048278bb26afc0d30af796-82f36083ba35f3d594e5ffc15b763c583a2fa53b/A.clj
4528,4540,Infinity,conflicts-clj_slow/cascalog-ba2efd09dce2508bbe048278bb26afc0d30af796-82f36083ba35f3d594e5ffc15b763c583a2fa53b/O.clj,conflicts-clj_slow/cascalog-ba2efd09dce2508bbe048278bb26afc0d30af796-82f36083ba35f3d594e5ffc15b763c583a2fa53b/B.clj
8487,8628,Infinity,conflicts-clj_slow/cascalog-bee53706feacc7e2cc7a420e77f330a244ab8287-6bfbb43a03dc507188a3fc7ba29f9b3698913d85/O.clj,conflicts-clj_slow/cascalog-bee53706feacc7e2cc7a420e77f330a244ab8287-6bfbb43a03dc507188a3fc7ba29f9b3698913d85/A.clj
8487,8541,Infinity,conflicts-clj_slow/cascalog-bee53706feacc7e2cc7a420e77f330a244ab8287-6bfbb43a03dc507188a3fc7ba29f9b3698913d85/O.clj,conflicts-clj_slow/cascalog-bee53706feacc7e2cc7a420e77f330a244ab8287-6bfbb43a03dc507188a3fc7ba29f9b3698913d85/B.clj
4161,4145,Infinity,conflicts-clj_slow/cascalog-d8b451c933ac50571e74be95b8c9b91e868fc089-e63de279f89fbfdbcef6f69aae74ac22f106aa3d/O.clj,conflicts-clj_slow/cascalog-d8b451c933ac50571e74be95b8c9b91e868fc089-e63de279f89fbfdbcef6f69aae74ac22f106aa3d/A.clj
4161,4157,Infinity,conflicts-clj_slow/cascalog-d8b451c933ac50571e74be95b8c9b91e868fc089-e63de279f89fbfdbcef6f69aae74ac22f106aa3d/O.clj,conflicts-clj_slow/cascalog-d8b451c933ac50571e74be95b8c9b91e868fc089-e63de279f89fbfdbcef6f69aae74ac22f106aa3d/B.clj
6712,6682,Infinity,conflicts-clj_slow/cascalog-ed853fd04c53e02a22eca997c0690ccfc1e4633c-0239f83dd720a3ebce2c5809abed6e678653a889/O.clj,conflicts-clj_slow/cascalog-ed853fd04c53e02a22eca997c0690ccfc1e4633c-0239f83dd720a3ebce2c5809abed6e678653a889/A.clj
6712,6796,Infinity,conflicts-clj_slow/cascalog-ed853fd04c53e02a22eca997c0690ccfc1e4633c-0239f83dd720a3ebce2c5809abed6e678653a889/O.clj,conflicts-clj_slow/cascalog-ed853fd04c53e02a22eca997c0690ccfc1e4633c-0239f83dd720a3ebce2c5809abed6e678653a889/B.clj
4162,4128,Infinity,conflicts-clj_slow/cascalog-ed853fd04c53e02a22eca997c0690ccfc1e4633c-e065432547b90718679965a7ead38280ecef99f2/O.clj,conflicts-clj_slow/cascalog-ed853fd04c53e02a22eca997c0690ccfc1e4633c-e065432547b90718679965a7ead38280ecef99f2/A.clj
4162,4448,Infinity,conflicts-clj_slow/cascalog-ed853fd04c53e02a22eca997c0690ccfc1e4633c-e065432547b90718679965a7ead38280ecef99f2/O.clj,conflicts-clj_slow/cascalog-ed853fd04c53e02a22eca997c0690ccfc1e4633c-e065432547b90718679965a7ead38280ecef99f2/B.clj
4550,4610,Infinity,conflicts-clj_slow/cascalog-f0098b67264d75d1ee0bb758e25ba04210f39542-97ba2093195993b80b9671b519c787432d0d6048/O.clj,conflicts-clj_slow/cascalog-f0098b67264d75d1ee0bb758e25ba04210f39542-97ba2093195993b80b9671b519c787432d0d6048/A.clj
4550,4676,Infinity,conflicts-clj_slow/cascalog-f0098b67264d75d1ee0bb758e25ba04210f39542-97ba2093195993b80b9671b519c787432d0d6048/O.clj,conflicts-clj_slow/cascalog-f0098b67264d75d1ee0bb758e25ba04210f39542-97ba2093195993b80b9671b519c787432d0d6048/B.clj
6840,6842,Infinity,conflicts-clj_slow/clj-http-16d4e49f4080ac51544829edc311f9c6b0bc9b36-17fb82e79fd71d700c6c19517838a6168e86d3a6/O.clj,conflicts-clj_slow/clj-http-16d4e49f4080ac51544829edc311f9c6b0bc9b36-17fb82e79fd71d700c6c19517838a6168e86d3a6/A.clj
6840,7142,Infinity,conflicts-clj_slow/clj-http-16d4e49f4080ac51544829edc311f9c6b0bc9b36-17fb82e79fd71d700c6c19517838a6168e86d3a6/O.clj,conflicts-clj_slow/clj-http-16d4e49f4080ac51544829edc311f9c6b0bc9b36-17fb82e79fd71d700c6c19517838a6168e86d3a6/B.clj
4018,4072,Infinity,conflicts-clj_slow/clj-http-16d4e49f4080ac51544829edc311f9c6b0bc9b36-75982fd8699cc2d727f392f420453d8b7cc3b813/O.clj,conflicts-clj_slow/clj-http-16d4e49f4080ac51544829edc311f9c6b0bc9b36-75982fd8699cc2d727f392f420453d8b7cc3b813/A.clj
4018,4160,Infinity,conflicts-clj_slow/clj-http-16d4e49f4080ac51544829edc311f9c6b0bc9b36-75982fd8699cc2d727f392f420453d8b7cc3b813/O.clj,conflicts-clj_slow/clj-http-16d4e49f4080ac51544829edc311f9c6b0bc9b36-75982fd8699cc2d727f392f420453d8b7cc3b813/B.clj
4160,4227,Infinity,conflicts-clj_slow/clj-http-38ea3bf46923fbfa022206d4d30507e48d18d6ea-61dfe0b9ecc4e4755755eebef476c710fabddb43/O.clj,conflicts-clj_slow/clj-http-38ea3bf46923fbfa022206d4d30507e48d18d6ea-61dfe0b9ecc4e4755755eebef476c710fabddb43/A.clj
4160,4600,Infinity,conflicts-clj_slow/clj-http-38ea3bf46923fbfa022206d4d30507e48d18d6ea-61dfe0b9ecc4e4755755eebef476c710fabddb43/O.clj,conflicts-clj_slow/clj-http-38ea3bf46923fbfa022206d4d30507e48d18d6ea-61dfe0b9ecc4e4755755eebef476c710fabddb43/B.clj
7107,8800,Infinity,conflicts-clj_slow/clj-http-720dba3c1049c0f077b4305b2bc420da73e9b0e3-27e6ac8de8698735b31c0646f8cc8d70380db922/O.clj,conflicts-clj_slow/clj-http-720dba3c1049c0f077b4305b2bc420da73e9b0e3-27e6ac8de8698735b31c0646f8cc8d70380db922/A.clj
7107,7126,Infinity,conflicts-clj_slow/clj-http-720dba3c1049c0f077b4305b2bc420da73e9b0e3-27e6ac8de8698735b31c0646f8cc8d70380db922/O.clj,conflicts-clj_slow/clj-http-720dba3c1049c0f077b4305b2bc420da73e9b0e3-27e6ac8de8698735b31c0646f8cc8d70380db922/B.clj
13491,13579,Infinity,conflicts-clj_slow/compojure-api-28edd97fba8d5f7049a9d98a12cfed05f039e8f1-4c42e9b8f3663a5bf1f92feedbcf08a5012ecf71/O.clj,conflicts-clj_slow/compojure-api-28edd97fba8d5f7049a9d98a12cfed05f039e8f1-4c42e9b8f3663a5bf1f92feedbcf08a5012ecf71/A.clj
13491,13737,Infinity,conflicts-clj_slow/compojure-api-28edd97fba8d5f7049a9d98a12cfed05f039e8f1-4c42e9b8f3663a5bf1f92feedbcf08a5012ecf71/O.clj,conflicts-clj_slow/compojure-api-28edd97fba8d5f7049a9d98a12cfed05f039e8f1-4c42e9b8f3663a5bf1f92feedbcf08a5012ecf71/B.clj
2997,3130,Infinity,conflicts-clj_slow/compojure-api-30812f7c4ce346dc3aecce14ff760f276b5cdc64-84fb3a18bca98044d615a43d7b7117373942beed/O.clj,conflicts-clj_slow/compojure-api-30812f7c4ce346dc3aecce14ff760f276b5cdc64-84fb3a18bca98044d615a43d7b7117373942beed/A.clj
2997,2999,Infinity,conflicts-clj_slow/compojure-api-30812f7c4ce346dc3aecce14ff760f276b5cdc64-84fb3a18bca98044d615a43d7b7117373942beed/O.clj,conflicts-clj_slow/compojure-api-30812f7c4ce346dc3aecce14ff760f276b5cdc64-84fb3a18bca98044d615a43d7b7117373942beed/B.clj
5734,5714,Infinity,conflicts-clj_slow/compojure-api-8a87c87b4a438d43c75eb3d80154d7ed26c8cbca-7c82d0adbf85f1c2dc721e85f614e5685d07291e/O.clj,conflicts-clj_slow/compojure-api-8a87c87b4a438d43c75eb3d80154d7ed26c8cbca-7c82d0adbf85f1c2dc721e85f614e5685d07291e/A.clj
5734,5728,Infinity,conflicts-clj_slow/compojure-api-8a87c87b4a438d43c75eb3d80154d7ed26c8cbca-7c82d0adbf85f1c2dc721e85f614e5685d07291e/O.clj,conflicts-clj_slow/compojure-api-8a87c87b4a438d43c75eb3d80154d7ed26c8cbca-7c82d0adbf85f1c2dc721e85f614e5685d07291e/B.clj
13349,13905,Infinity,conflicts-clj_slow/compojure-api-b8d5b3ba0278da0d605ad850f070722b6a9a3645-63a3b4e320cbd3134620b41f8efd46a1d60927d4/O.clj,conflicts-clj_slow/compojure-api-b8d5b3ba0278da0d605ad850f070722b6a9a3645-63a3b4e320cbd3134620b41f8efd46a1d60927d4/A.clj
13349,13825,Infinity,conflicts-clj_slow/compojure-api-b8d5b3ba0278da0d605ad850f070722b6a9a3645-63a3b4e320cbd3134620b41f8efd46a1d60927d4/O.clj,conflicts-clj_slow/compojure-api-b8d5b3ba0278da0d605ad850f070722b6a9a3645-63a3b4e320cbd3134620b41f8efd46a1d60927d4/B.clj
3833,3951,Infinity,conflicts-clj_slow/compojure-api-f5ac9309a73516bbd490eaf8beb0c433512a6292-1e157a4d234fa5c254b8976e35e2f90c02b1eb35/O.clj,conflicts-clj_slow/compojure-api-f5ac9309a73516bbd490eaf8beb0c433512a6292-1e157a4d234fa5c254b8976e35e2f90c02b1eb35/A.clj
3833,3838,Infinity,conflicts-clj_slow/compojure-api-f5ac9309a73516bbd490eaf8beb0c433512a6292-1e157a4d234fa5c254b8976e35e2f90c02b1eb35/O.clj,conflicts-clj_slow/compojure-api-f5ac9309a73516bbd490eaf8beb0c433512a6292-1e157a4d234fa5c254b8976e35e2f90c02b1eb35/B.clj
249,273,Infinity,conflicts-clj_slow/duckling_old-654a07c853d1fae0276c5059303aed2afffae3dc-4e3cb56b17f2f84050da8c5b286afb977f555527/O.clj,conflicts-clj_slow/duckling_old-654a07c853d1fae0276c5059303aed2afffae3dc-4e3cb56b17f2f84050da8c5b286afb977f555527/A.clj
275,295,Infinity,conflicts-clj_slow/duckling_old-660f1dd7bfec6838922b8ebdb4789d9cfed73d91-297770ed4b4092875384219500dae352219c95b0/O.clj,conflicts-clj_slow/duckling_old-660f1dd7bfec6838922b8ebdb4789d9cfed73d91-297770ed4b4092875384219500dae352219c95b0/B.clj
3836,3836,Infinity,conflicts-clj_slow/duckling_old-8641a7975742a2d12faaf6b30a0b2450fab8deaf-bcae01cfb172a4604eb08efe83914bedc9c06417/O.clj,conflicts-clj_slow/duckling_old-8641a7975742a2d12faaf6b30a0b2450fab8deaf-bcae01cfb172a4604eb08efe83914bedc9c06417/A.clj
3836,3836,Infinity,conflicts-clj_slow/duckling_old-8641a7975742a2d12faaf6b30a0b2450fab8deaf-bcae01cfb172a4604eb08efe83914bedc9c06417/O.clj,conflicts-clj_slow/duckling_old-8641a7975742a2d12faaf6b30a0b2450fab8deaf-bcae01cfb172a4604eb08efe83914bedc9c06417/B.clj
2783,3079,Infinity,conflicts-clj_slow/duckling_old-b077676a9b683482047343950e1db7df608be00f-2f4e006066b63f80451c03c41d75b0c8bad565cf/O.clj,conflicts-clj_slow/duckling_old-b077676a9b683482047343950e1db7df608be00f-2f4e006066b63f80451c03c41d75b0c8bad565cf/A.clj
2783,2821,Infinity,conflicts-clj_slow/duckling_old-b077676a9b683482047343950e1db7df608be00f-2f4e006066b63f80451c03c41d75b0c8bad565cf/O.clj,conflicts-clj_slow/duckling_old-b077676a9b683482047343950e1db7df608be00f-2f4e006066b63f80451c03c41d75b0c8bad565cf/B.clj
2509,3423,Infinity,conflicts-clj_slow/duckling_old-b077676a9b683482047343950e1db7df608be00f-b7839d88a69c65376bc43434d2308a53dcf63766/O.clj,conflicts-clj_slow/duckling_old-b077676a9b683482047343950e1db7df608be00f-b7839d88a69c65376bc43434d2308a53dcf63766/A.clj
2509,2547,Infinity,conflicts-clj_slow/duckling_old-b077676a9b683482047343950e1db7df608be00f-b7839d88a69c65376bc43434d2308a53dcf63766/O.clj,conflicts-clj_slow/duckling_old-b077676a9b683482047343950e1db7df608be00f-b7839d88a69c65376bc43434d2308a53dcf63766/B.clj
803,847,Infinity,conflicts-clj_slow/duckling_old-f7a247d85dfe61d439763f87cd81d7db437a41e2-aba37f6ef4ed0bbad86e6d6dcbed1f4b48ed29d9/O.clj,conflicts-clj_slow/duckling_old-f7a247d85dfe61d439763f87cd81d7db437a41e2-aba37f6ef4ed0bbad86e6d6dcbed1f4b48ed29d9/B.clj
2547,2767,Infinity,conflicts-clj_slow/duckling_old-f7a247d85dfe61d439763f87cd81d7db437a41e2-adf914def80b0a9f34c9e880460caa108053fc40/O.clj,conflicts-clj_slow/duckling_old-f7a247d85dfe61d439763f87cd81d7db437a41e2-adf914def80b0a9f34c9e880460caa108053fc40/A.clj
2547,3423,Infinity,conflicts-clj_slow/duckling_old-f7a247d85dfe61d439763f87cd81d7db437a41e2-adf914def80b0a9f34c9e880460caa108053fc40/O.clj,conflicts-clj_slow/duckling_old-f7a247d85dfe61d439763f87cd81d7db437a41e2-adf914def80b0a9f34c9e880460caa108053fc40/B.clj
7487,7487,Infinity,conflicts-clj_slow/incanter-0f12de3f251778ad9d866687d01215b235768f00-72fbc183a4770dcf91ddd0c84b38c0be87ce831b/O.clj,conflicts-clj_slow/incanter-0f12de3f251778ad9d866687d01215b235768f00-72fbc183a4770dcf91ddd0c84b38c0be87ce831b/A.clj
7487,9549,Infinity,conflicts-clj_slow/incanter-0f12de3f251778ad9d866687d01215b235768f00-72fbc183a4770dcf91ddd0c84b38c0be87ce831b/O.clj,conflicts-clj_slow/incanter-0f12de3f251778ad9d866687d01215b235768f00-72fbc183a4770dcf91ddd0c84b38c0be87ce831b/B.clj
12969,13046,Infinity,conflicts-clj_slow/incanter-0f12de3f251778ad9d866687d01215b235768f00-a532f3d66b34aa477c7c54b84bb3d52b69e89a01/O.clj,conflicts-clj_slow/incanter-0f12de3f251778ad9d866687d01215b235768f00-a532f3d66b34aa477c7c54b84bb3d52b69e89a01/A.clj
12969,13814,Infinity,conflicts-clj_slow/incanter-0f12de3f251778ad9d866687d01215b235768f00-a532f3d66b34aa477c7c54b84bb3d52b69e89a01/O.clj,conflicts-clj_slow/incanter-0f12de3f251778ad9d866687d01215b235768f00-a532f3d66b34aa477c7c54b84bb3d52b69e89a01/B.clj
4246,4150,Infinity,conflicts-clj_slow/incanter-36015fb2b179a513eb2ddf1b64a9dce01e179108-0997d343448611f7a01ac8388a49a51c5da6600a/O.clj,conflicts-clj_slow/incanter-36015fb2b179a513eb2ddf1b64a9dce01e179108-0997d343448611f7a01ac8388a49a51c5da6600a/A.clj
4246,4260,Infinity,conflicts-clj_slow/incanter-36015fb2b179a513eb2ddf1b64a9dce01e179108-0997d343448611f7a01ac8388a49a51c5da6600a/O.clj,conflicts-clj_slow/incanter-36015fb2b179a513eb2ddf1b64a9dce01e179108-0997d343448611f7a01ac8388a49a51c5da6600a/B.clj
9591,6700,Infinity,conflicts-clj_slow/incanter-36015fb2b179a513eb2ddf1b64a9dce01e179108-980d5c18579930a248146a38a2f459bfafac0301/O.clj,conflicts-clj_slow/incanter-36015fb2b179a513eb2ddf1b64a9dce01e179108-980d5c18579930a248146a38a2f459bfafac0301/A.clj
9591,9729,Infinity,conflicts-clj_slow/incanter-36015fb2b179a513eb2ddf1b64a9dce01e179108-980d5c18579930a248146a38a2f459bfafac0301/O.clj,conflicts-clj_slow/incanter-36015fb2b179a513eb2ddf1b64a9dce01e179108-980d5c18579930a248146a38a2f459bfafac0301/B.clj
4432,4466,Infinity,conflicts-clj_slow/incanter-36015fb2b179a513eb2ddf1b64a9dce01e179108-d70e54036629469163a32843e04335b9560a82f6/O.clj,conflicts-clj_slow/incanter-36015fb2b179a513eb2ddf1b64a9dce01e179108-d70e54036629469163a32843e04335b9560a82f6/A.clj
4432,4578,Infinity,conflicts-clj_slow/incanter-36015fb2b179a513eb2ddf1b64a9dce01e179108-d70e54036629469163a32843e04335b9560a82f6/O.clj,conflicts-clj_slow/incanter-36015fb2b179a513eb2ddf1b64a9dce01e179108-d70e54036629469163a32843e04335b9560a82f6/B.clj
3916,4112,Infinity,conflicts-clj_slow/incanter-377627787851bbd2a313c3f7d19d044bc0f0ba53-0b78802d41ab2527096bcfaddaaf0d1fae551dcc/O.clj,conflicts-clj_slow/incanter-377627787851bbd2a313c3f7d19d044bc0f0ba53-0b78802d41ab2527096bcfaddaaf0d1fae551dcc/A.clj
3916,4246,Infinity,conflicts-clj_slow/incanter-377627787851bbd2a313c3f7d19d044bc0f0ba53-0b78802d41ab2527096bcfaddaaf0d1fae551dcc/O.clj,conflicts-clj_slow/incanter-377627787851bbd2a313c3f7d19d044bc0f0ba53-0b78802d41ab2527096bcfaddaaf0d1fae551dcc/B.clj
9549,6700,Infinity,conflicts-clj_slow/incanter-377627787851bbd2a313c3f7d19d044bc0f0ba53-65f759b5425c63ecd10cdf54a7fb4837cd75e31f/O.clj,conflicts-clj_slow/incanter-377627787851bbd2a313c3f7d19d044bc0f0ba53-65f759b5425c63ecd10cdf54a7fb4837cd75e31f/A.clj
9549,9591,Infinity,conflicts-clj_slow/incanter-377627787851bbd2a313c3f7d19d044bc0f0ba53-65f759b5425c63ecd10cdf54a7fb4837cd75e31f/O.clj,conflicts-clj_slow/incanter-377627787851bbd2a313c3f7d19d044bc0f0ba53-65f759b5425c63ecd10cdf54a7fb4837cd75e31f/B.clj
13814,12574,Infinity,conflicts-clj_slow/incanter-377627787851bbd2a313c3f7d19d044bc0f0ba53-77d5a0e07d39976ee2801412482c6422fa71fba6/O.clj,conflicts-clj_slow/incanter-377627787851bbd2a313c3f7d19d044bc0f0ba53-77d5a0e07d39976ee2801412482c6422fa71fba6/A.clj
13814,13814,Infinity,conflicts-clj_slow/incanter-377627787851bbd2a313c3f7d19d044bc0f0ba53-77d5a0e07d39976ee2801412482c6422fa71fba6/O.clj,conflicts-clj_slow/incanter-377627787851bbd2a313c3f7d19d044bc0f0ba53-77d5a0e07d39976ee2801412482c6422fa71fba6/B.clj
12319,12337,Infinity,conflicts-clj_slow/incanter-73aa7f7fa81fe19649c96f1b19e3943eb3600bda-aed973e4bc020d5de8365bb31847937bac0e2d13/O.clj,conflicts-clj_slow/incanter-73aa7f7fa81fe19649c96f1b19e3943eb3600bda-aed973e4bc020d5de8365bb31847937bac0e2d13/A.clj
12319,12319,Infinity,conflicts-clj_slow/incanter-73aa7f7fa81fe19649c96f1b19e3943eb3600bda-aed973e4bc020d5de8365bb31847937bac0e2d13/O.clj,conflicts-clj_slow/incanter-73aa7f7fa81fe19649c96f1b19e3943eb3600bda-aed973e4bc020d5de8365bb31847937bac0e2d13/B.clj
15258,15684,Infinity,conflicts-clj_slow/incanter-8faff602590bb389b8398f320c14764e8df92349-7f1df685edfab3bdcc9989e8c4492401e3473642/O.clj,conflicts-clj_slow/incanter-8faff602590bb389b8398f320c14764e8df92349-7f1df685edfab3bdcc9989e8c4492401e3473642/A.clj
15258,15315,Infinity,conflicts-clj_slow/incanter-8faff602590bb389b8398f320c14764e8df92349-7f1df685edfab3bdcc9989e8c4492401e3473642/O.clj,conflicts-clj_slow/incanter-8faff602590bb389b8398f320c14764e8df92349-7f1df685edfab3bdcc9989e8c4492401e3473642/B.clj
14181,14539,Infinity,conflicts-clj_slow/incanter-a2d1ba25b2ccfa33cb46b94d5c97c85904a7ee76-08de62065673936e3a26ce4fd0256115a82de501/O.clj,conflicts-clj_slow/incanter-a2d1ba25b2ccfa33cb46b94d5c97c85904a7ee76-08de62065673936e3a26ce4fd0256115a82de501/A.clj
14181,14270,Infinity,conflicts-clj_slow/incanter-a2d1ba25b2ccfa33cb46b94d5c97c85904a7ee76-08de62065673936e3a26ce4fd0256115a82de501/O.clj,conflicts-clj_slow/incanter-a2d1ba25b2ccfa33cb46b94d5c97c85904a7ee76-08de62065673936e3a26ce4fd0256115a82de501/B.clj
7245,7327,Infinity,conflicts-clj_slow/incanter-b060a10a0ee5309a72e49de1b2ab33d970583a5d-ce27070a54c14f94fbad323d4374b1100a1d9985/O.clj,conflicts-clj_slow/incanter-b060a10a0ee5309a72e49de1b2ab33d970583a5d-ce27070a54c14f94fbad323d4374b1100a1d9985/A.clj
7245,7529,Infinity,conflicts-clj_slow/incanter-b060a10a0ee5309a72e49de1b2ab33d970583a5d-ce27070a54c14f94fbad323d4374b1100a1d9985/O.clj,conflicts-clj_slow/incanter-b060a10a0ee5309a72e49de1b2ab33d970583a5d-ce27070a54c14f94fbad323d4374b1100a1d9985/B.clj
12969,13046,Infinity,conflicts-clj_slow/incanter-b2cb1ff49da9ed7f3df6037a914cc4ea64ab9e88-57958e76179606371d2113168f70df3e0b2f0976/O.clj,conflicts-clj_slow/incanter-b2cb1ff49da9ed7f3df6037a914cc4ea64ab9e88-57958e76179606371d2113168f70df3e0b2f0976/A.clj
12969,12969,Infinity,conflicts-clj_slow/incanter-b2cb1ff49da9ed7f3df6037a914cc4ea64ab9e88-57958e76179606371d2113168f70df3e0b2f0976/O.clj,conflicts-clj_slow/incanter-b2cb1ff49da9ed7f3df6037a914cc4ea64ab9e88-57958e76179606371d2113168f70df3e0b2f0976/B.clj
4578,4584,Infinity,conflicts-clj_slow/incanter-b51e79e86ee652f11cef8d605a43f1f9e570275a-422fd6746ef357b489d28e8f4f859e5c1a3b803d/O.clj,conflicts-clj_slow/incanter-b51e79e86ee652f11cef8d605a43f1f9e570275a-422fd6746ef357b489d28e8f4f859e5c1a3b803d/A.clj
4578,4710,Infinity,conflicts-clj_slow/incanter-b51e79e86ee652f11cef8d605a43f1f9e570275a-422fd6746ef357b489d28e8f4f859e5c1a3b803d/O.clj,conflicts-clj_slow/incanter-b51e79e86ee652f11cef8d605a43f1f9e570275a-422fd6746ef357b489d28e8f4f859e5c1a3b803d/B.clj
19846,19910,Infinity,conflicts-clj_slow/incanter-b51e79e86ee652f11cef8d605a43f1f9e570275a-a77f62871b33aa17dbe533c0ab41ecf97e11f3db/O.clj,conflicts-clj_slow/incanter-b51e79e86ee652f11cef8d605a43f1f9e570275a-a77f62871b33aa17dbe533c0ab41ecf97e11f3db/A.clj
19846,20054,Infinity,conflicts-clj_slow/incanter-b51e79e86ee652f11cef8d605a43f1f9e570275a-a77f62871b33aa17dbe533c0ab41ecf97e11f3db/O.clj,conflicts-clj_slow/incanter-b51e79e86ee652f11cef8d605a43f1f9e570275a-a77f62871b33aa17dbe533c0ab41ecf97e11f3db/B.clj
14215,14223,Infinity,conflicts-clj_slow/incanter-c74bf5412b60f74eddab03f31b61a0c34a210203-b1059195989ebdedcf38eab16ff131fe7cd1954d/O.clj,conflicts-clj_slow/incanter-c74bf5412b60f74eddab03f31b61a0c34a210203-b1059195989ebdedcf38eab16ff131fe7cd1954d/A.clj
14215,14200,Infinity,conflicts-clj_slow/incanter-c74bf5412b60f74eddab03f31b61a0c34a210203-b1059195989ebdedcf38eab16ff131fe7cd1954d/O.clj,conflicts-clj_slow/incanter-c74bf5412b60f74eddab03f31b61a0c34a210203-b1059195989ebdedcf38eab16ff131fe7cd1954d/B.clj
12319,12058,Infinity,conflicts-clj_slow/incanter-c7de2c39518cbcf0664681c079820cd59d2b2fb4-aed973e4bc020d5de8365bb31847937bac0e2d13/O.clj,conflicts-clj_slow/incanter-c7de2c39518cbcf0664681c079820cd59d2b2fb4-aed973e4bc020d5de8365bb31847937bac0e2d13/A.clj
12319,12337,Infinity,conflicts-clj_slow/incanter-c7de2c39518cbcf0664681c079820cd59d2b2fb4-aed973e4bc020d5de8365bb31847937bac0e2d13/O.clj,conflicts-clj_slow/incanter-c7de2c39518cbcf0664681c079820cd59d2b2fb4-aed973e4bc020d5de8365bb31847937bac0e2d13/B.clj
2828,2834,Infinity,conflicts-clj_slow/incanter-d6b6aaaae9b603f5cc31d1414498efab33603b11-d46fe6fd5a36e26853ed101a4bb9ff050212c016/O.clj,conflicts-clj_slow/incanter-d6b6aaaae9b603f5cc31d1414498efab33603b11-d46fe6fd5a36e26853ed101a4bb9ff050212c016/A.clj
2828,3243,Infinity,conflicts-clj_slow/incanter-d6b6aaaae9b603f5cc31d1414498efab33603b11-d46fe6fd5a36e26853ed101a4bb9ff050212c016/O.clj,conflicts-clj_slow/incanter-d6b6aaaae9b603f5cc31d1414498efab33603b11-d46fe6fd5a36e26853ed101a4bb9ff050212c016/B.clj
6028,5642,Infinity,conflicts-clj_slow/incanter-ed5ba3280d2568593830bda4c3f17bbc596caa51-6813c7ab94e0719770e383b3160cf6e1648ccc0b/O.clj,conflicts-clj_slow/incanter-ed5ba3280d2568593830bda4c3f17bbc596caa51-6813c7ab94e0719770e383b3160cf6e1648ccc0b/A.clj
6028,6088,Infinity,conflicts-clj_slow/incanter-ed5ba3280d2568593830bda4c3f17bbc596caa51-6813c7ab94e0719770e383b3160cf6e1648ccc0b/O.clj,conflicts-clj_slow/incanter-ed5ba3280d2568593830bda4c3f17bbc596caa51-6813c7ab94e0719770e383b3160cf6e1648ccc0b/B.clj
126,188,Infinity,conflicts-clj_slow/kibit-ea633a4cd45fd4d9e78d9a610a2a6261aca72e2c-f822b36a925a181b24c44597c148ba6c8c2cd7e6/O.clj,conflicts-clj_slow/kibit-ea633a4cd45fd4d9e78d9a610a2a6261aca72e2c-f822b36a925a181b24c44597c148ba6c8c2cd7e6/A.clj
10067,10000,Infinity,conflicts-clj_slow/lein-figwheel-1aa41855be4d2b0d8f22eb7518629f2e9d36146b-3fd3092f0e6b3ab0e9403aa0f9b51cb1ad317bc9/O.clj,conflicts-clj_slow/lein-figwheel-1aa41855be4d2b0d8f22eb7518629f2e9d36146b-3fd3092f0e6b3ab0e9403aa0f9b51cb1ad317bc9/A.clj
10067,14621,Infinity,conflicts-clj_slow/lein-figwheel-1aa41855be4d2b0d8f22eb7518629f2e9d36146b-3fd3092f0e6b3ab0e9403aa0f9b51cb1ad317bc9/O.clj,conflicts-clj_slow/lein-figwheel-1aa41855be4d2b0d8f22eb7518629f2e9d36146b-3fd3092f0e6b3ab0e9403aa0f9b51cb1ad317bc9/B.clj
2348,2547,Infinity,conflicts-clj_slow/lein-figwheel-1aa41855be4d2b0d8f22eb7518629f2e9d36146b-a7573066145b661bf3c6950f01cea92d810e9dac/O.clj,conflicts-clj_slow/lein-figwheel-1aa41855be4d2b0d8f22eb7518629f2e9d36146b-a7573066145b661bf3c6950f01cea92d810e9dac/A.clj
2348,3130,Infinity,conflicts-clj_slow/lein-figwheel-1aa41855be4d2b0d8f22eb7518629f2e9d36146b-a7573066145b661bf3c6950f01cea92d810e9dac/O.clj,conflicts-clj_slow/lein-figwheel-1aa41855be4d2b0d8f22eb7518629f2e9d36146b-a7573066145b661bf3c6950f01cea92d810e9dac/B.clj
2618,2620,Infinity,conflicts-clj_slow/lein-figwheel-221051edb9ac9071ab432d8b63b3923b03df04bc-de46ac44eeac4bb562921a6718350c18f47e90d6/O.clj,conflicts-clj_slow/lein-figwheel-221051edb9ac9071ab432d8b63b3923b03df04bc-de46ac44eeac4bb562921a6718350c18f47e90d6/A.clj
2618,2658,Infinity,conflicts-clj_slow/lein-figwheel-221051edb9ac9071ab432d8b63b3923b03df04bc-de46ac44eeac4bb562921a6718350c18f47e90d6/O.clj,conflicts-clj_slow/lein-figwheel-221051edb9ac9071ab432d8b63b3923b03df04bc-de46ac44eeac4bb562921a6718350c18f47e90d6/B.clj
3211,3044,Infinity,conflicts-clj_slow/lein-figwheel-d7283a68b857a8e40ecfeaa256d3bc8b33a03a3a-1184a68b272f23aad902f2a75479c74db6c65e30/O.clj,conflicts-clj_slow/lein-figwheel-d7283a68b857a8e40ecfeaa256d3bc8b33a03a3a-1184a68b272f23aad902f2a75479c74db6c65e30/A.clj
3211,3229,Infinity,conflicts-clj_slow/lein-figwheel-d7283a68b857a8e40ecfeaa256d3bc8b33a03a3a-1184a68b272f23aad902f2a75479c74db6c65e30/O.clj,conflicts-clj_slow/lein-figwheel-d7283a68b857a8e40ecfeaa256d3bc8b33a03a3a-1184a68b272f23aad902f2a75479c74db6c65e30/B.clj
4597,4717,Infinity,conflicts-clj_slow/leiningen-02f1d5dc82a18f3fe50099e193fce13aa80ab860-7672e3931174e2572125fe1ef5e3f07718193dd7/O.clj,conflicts-clj_slow/leiningen-02f1d5dc82a18f3fe50099e193fce13aa80ab860-7672e3931174e2572125fe1ef5e3f07718193dd7/A.clj
4597,4614,Infinity,conflicts-clj_slow/leiningen-02f1d5dc82a18f3fe50099e193fce13aa80ab860-7672e3931174e2572125fe1ef5e3f07718193dd7/O.clj,conflicts-clj_slow/leiningen-02f1d5dc82a18f3fe50099e193fce13aa80ab860-7672e3931174e2572125fe1ef5e3f07718193dd7/B.clj
2569,2581,Infinity,conflicts-clj_slow/leiningen-532496a1ab0bc0bd34efd5f5bb22ddfa12f8d0c5-186db23122c3ab131bad10ac7de7db48423b2ecf/O.clj,conflicts-clj_slow/leiningen-532496a1ab0bc0bd34efd5f5bb22ddfa12f8d0c5-186db23122c3ab131bad10ac7de7db48423b2ecf/B.clj
3381,3343,Infinity,conflicts-clj_slow/leiningen-549e248b09b4cdf9a5a0c464d09ce7349fd136ee-0e0d87efc27d72775193892b8fbd75737f114fd3/O.clj,conflicts-clj_slow/leiningen-549e248b09b4cdf9a5a0c464d09ce7349fd136ee-0e0d87efc27d72775193892b8fbd75737f114fd3/A.clj
3381,3359,Infinity,conflicts-clj_slow/leiningen-549e248b09b4cdf9a5a0c464d09ce7349fd136ee-0e0d87efc27d72775193892b8fbd75737f114fd3/O.clj,conflicts-clj_slow/leiningen-549e248b09b4cdf9a5a0c464d09ce7349fd136ee-0e0d87efc27d72775193892b8fbd75737f114fd3/B.clj
7683,7675,Infinity,conflicts-clj_slow/leiningen-627d4448d41712da521a7bc6a07f6029740482ca-78a3d2d32a7dfcaf23305121058d9232eda03f4e/O.clj,conflicts-clj_slow/leiningen-627d4448d41712da521a7bc6a07f6029740482ca-78a3d2d32a7dfcaf23305121058d9232eda03f4e/A.clj
7683,7966,Infinity,conflicts-clj_slow/leiningen-627d4448d41712da521a7bc6a07f6029740482ca-78a3d2d32a7dfcaf23305121058d9232eda03f4e/O.clj,conflicts-clj_slow/leiningen-627d4448d41712da521a7bc6a07f6029740482ca-78a3d2d32a7dfcaf23305121058d9232eda03f4e/B.clj
3306,3312,Infinity,conflicts-clj_slow/leiningen-74b0dc5b660434a54c64e161f7d4396087af3763-092ccd7b37288e306aab0563bc69bbb1a10e525f/O.clj,conflicts-clj_slow/leiningen-74b0dc5b660434a54c64e161f7d4396087af3763-092ccd7b37288e306aab0563bc69bbb1a10e525f/A.clj
3306,3338,Infinity,conflicts-clj_slow/leiningen-74b0dc5b660434a54c64e161f7d4396087af3763-092ccd7b37288e306aab0563bc69bbb1a10e525f/O.clj,conflicts-clj_slow/leiningen-74b0dc5b660434a54c64e161f7d4396087af3763-092ccd7b37288e306aab0563bc69bbb1a10e525f/B.clj
3965,4426,Infinity,conflicts-clj_slow/leiningen-cc4045b932b1bcfdb631ff5fc4f36f760c3adc9a-ef87397568ee9f5af4365b045f7ac37dd90094c2/O.clj,conflicts-clj_slow/leiningen-cc4045b932b1bcfdb631ff5fc4f36f760c3adc9a-ef87397568ee9f5af4365b045f7ac37dd90094c2/A.clj
3965,4062,Infinity,conflicts-clj_slow/leiningen-cc4045b932b1bcfdb631ff5fc4f36f760c3adc9a-ef87397568ee9f5af4365b045f7ac37dd90094c2/O.clj,conflicts-clj_slow/leiningen-cc4045b932b1bcfdb631ff5fc4f36f760c3adc9a-ef87397568ee9f5af4365b045f7ac37dd90094c2/B.clj
4319,4386,Infinity,conflicts-clj_slow/leiningen-dff5865b2e045118207d725bf6530ae891319af8-31d802d3834ca5c2f0bed8f8cc9bd8028deed3df/O.clj,conflicts-clj_slow/leiningen-dff5865b2e045118207d725bf6530ae891319af8-31d802d3834ca5c2f0bed8f8cc9bd8028deed3df/A.clj
4319,4321,Infinity,conflicts-clj_slow/leiningen-dff5865b2e045118207d725bf6530ae891319af8-31d802d3834ca5c2f0bed8f8cc9bd8028deed3df/O.clj,conflicts-clj_slow/leiningen-dff5865b2e045118207d725bf6530ae891319af8-31d802d3834ca5c2f0bed8f8cc9bd8028deed3df/B.clj
4033,4033,Infinity,conflicts-clj_slow/liberator-0a0694ec988bd60edb8d754bca7a38612ffa2ddd-4436ae1451ee3318443c8c184fd53b72dea94492/O.clj,conflicts-clj_slow/liberator-0a0694ec988bd60edb8d754bca7a38612ffa2ddd-4436ae1451ee3318443c8c184fd53b72dea94492/A.clj
4033,4064,Infinity,conflicts-clj_slow/liberator-0a0694ec988bd60edb8d754bca7a38612ffa2ddd-4436ae1451ee3318443c8c184fd53b72dea94492/O.clj,conflicts-clj_slow/liberator-0a0694ec988bd60edb8d754bca7a38612ffa2ddd-4436ae1451ee3318443c8c184fd53b72dea94492/B.clj
946,946,Infinity,conflicts-clj_slow/liberator-0a0694ec988bd60edb8d754bca7a38612ffa2ddd-4a06b5c6d52821a34c5fad1b4c3b07d183f2fb34/O.clj,conflicts-clj_slow/liberator-0a0694ec988bd60edb8d754bca7a38612ffa2ddd-4a06b5c6d52821a34c5fad1b4c3b07d183f2fb34/A.clj
1201,1195,Infinity,conflicts-clj_slow/liberator-0a0694ec988bd60edb8d754bca7a38612ffa2ddd-c41435e11f6e2c7337ed753344e6d00b9886b55d/O.clj,conflicts-clj_slow/liberator-0a0694ec988bd60edb8d754bca7a38612ffa2ddd-c41435e11f6e2c7337ed753344e6d00b9886b55d/A.clj
946,946,Infinity,conflicts-clj_slow/liberator-1307f2ba0d1bff1a96c5a6432f6db18e09bebe61-4a06b5c6d52821a34c5fad1b4c3b07d183f2fb34/O.clj,conflicts-clj_slow/liberator-1307f2ba0d1bff1a96c5a6432f6db18e09bebe61-4a06b5c6d52821a34c5fad1b4c3b07d183f2fb34/A.clj
289,292,Infinity,conflicts-clj_slow/liberator-1307f2ba0d1bff1a96c5a6432f6db18e09bebe61-8b03fb7009e327d1490611763a809927ca3880cc/O.clj,conflicts-clj_slow/liberator-1307f2ba0d1bff1a96c5a6432f6db18e09bebe61-8b03fb7009e327d1490611763a809927ca3880cc/A.clj
1201,1195,Infinity,conflicts-clj_slow/liberator-1307f2ba0d1bff1a96c5a6432f6db18e09bebe61-c41435e11f6e2c7337ed753344e6d00b9886b55d/O.clj,conflicts-clj_slow/liberator-1307f2ba0d1bff1a96c5a6432f6db18e09bebe61-c41435e11f6e2c7337ed753344e6d00b9886b55d/A.clj
121,125,Infinity,conflicts-clj_slow/liberator-1307f2ba0d1bff1a96c5a6432f6db18e09bebe61-c657e8511a145ea06b9e4c75a1dc91921560ed47/O.clj,conflicts-clj_slow/liberator-1307f2ba0d1bff1a96c5a6432f6db18e09bebe61-c657e8511a145ea06b9e4c75a1dc91921560ed47/A.clj
946,946,Infinity,conflicts-clj_slow/liberator-f68401b58b2d0c9b3615209d6693ef6aa660b709-4a06b5c6d52821a34c5fad1b4c3b07d183f2fb34/O.clj,conflicts-clj_slow/liberator-f68401b58b2d0c9b3615209d6693ef6aa660b709-4a06b5c6d52821a34c5fad1b4c3b07d183f2fb34/A.clj
1201,1195,Infinity,conflicts-clj_slow/liberator-f68401b58b2d0c9b3615209d6693ef6aa660b709-c41435e11f6e2c7337ed753344e6d00b9886b55d/O.clj,conflicts-clj_slow/liberator-f68401b58b2d0c9b3615209d6693ef6aa660b709-c41435e11f6e2c7337ed753344e6d00b9886b55d/A.clj
4348,4322,Infinity,conflicts-clj_slow/liberator-fa2a7434506f8caa2f5eb8e2f3ee3c0d75526574-5e029ef3ace9b8f29ad90ec4b3b3d9f672568ac1/O.clj,conflicts-clj_slow/liberator-fa2a7434506f8caa2f5eb8e2f3ee3c0d75526574-5e029ef3ace9b8f29ad90ec4b3b3d9f672568ac1/A.clj
4348,4131,Infinity,conflicts-clj_slow/liberator-fa2a7434506f8caa2f5eb8e2f3ee3c0d75526574-5e029ef3ace9b8f29ad90ec4b3b3d9f672568ac1/O.clj,conflicts-clj_slow/liberator-fa2a7434506f8caa2f5eb8e2f3ee3c0d75526574-5e029ef3ace9b8f29ad90ec4b3b3d9f672568ac1/B.clj
2875,2972,Infinity,conflicts-clj_slow/Midje-011c7b14cb1670e641998fb83a26ccdc3a0476d6-3dc7b47093b193883e05aaf09a087633206d6bf0/O.clj,conflicts-clj_slow/Midje-011c7b14cb1670e641998fb83a26ccdc3a0476d6-3dc7b47093b193883e05aaf09a087633206d6bf0/A.clj
2875,2875,Infinity,conflicts-clj_slow/Midje-011c7b14cb1670e641998fb83a26ccdc3a0476d6-3dc7b47093b193883e05aaf09a087633206d6bf0/O.clj,conflicts-clj_slow/Midje-011c7b14cb1670e641998fb83a26ccdc3a0476d6-3dc7b47093b193883e05aaf09a087633206d6bf0/B.clj
3494,3479,Infinity,conflicts-clj_slow/onyx-0a08a77030513abe3d7b65906d904ce32d044e3e-f64c249351762cfcaa5bc407bbf96823efde4ad8/O.clj,conflicts-clj_slow/onyx-0a08a77030513abe3d7b65906d904ce32d044e3e-f64c249351762cfcaa5bc407bbf96823efde4ad8/A.clj
3494,3494,Infinity,conflicts-clj_slow/onyx-0a08a77030513abe3d7b65906d904ce32d044e3e-f64c249351762cfcaa5bc407bbf96823efde4ad8/O.clj,conflicts-clj_slow/onyx-0a08a77030513abe3d7b65906d904ce32d044e3e-f64c249351762cfcaa5bc407bbf96823efde4ad8/B.clj
1147,1163,Infinity,conflicts-clj_slow/onyx-0dcb2de2236718a35efbd2e82617b46012b9c7cb-1ff192e6089456d6bd8238f111155479fe335596/O.clj,conflicts-clj_slow/onyx-0dcb2de2236718a35efbd2e82617b46012b9c7cb-1ff192e6089456d6bd8238f111155479fe335596/B.clj
1138,1154,Infinity,conflicts-clj_slow/onyx-0dcb2de2236718a35efbd2e82617b46012b9c7cb-2975530202c4f14a9592dc37a54f842ed72bf1fc/O.clj,conflicts-clj_slow/onyx-0dcb2de2236718a35efbd2e82617b46012b9c7cb-2975530202c4f14a9592dc37a54f842ed72bf1fc/B.clj
2407,2912,Infinity,conflicts-clj_slow/onyx-0f93628cf096d5d759c469303a475b150bc3823c-12e7af846c6b6a364226526e4c9b66134dfe5922/O.clj,conflicts-clj_slow/onyx-0f93628cf096d5d759c469303a475b150bc3823c-12e7af846c6b6a364226526e4c9b66134dfe5922/A.clj
2407,2387,Infinity,conflicts-clj_slow/onyx-0f93628cf096d5d759c469303a475b150bc3823c-12e7af846c6b6a364226526e4c9b66134dfe5922/O.clj,conflicts-clj_slow/onyx-0f93628cf096d5d759c469303a475b150bc3823c-12e7af846c6b6a364226526e4c9b66134dfe5922/B.clj
3568,3570,Infinity,conflicts-clj_slow/onyx-0f93628cf096d5d759c469303a475b150bc3823c-2a6bd70ca6cb5ecbf9e706a0c0b1f4f371c0731c/O.clj,conflicts-clj_slow/onyx-0f93628cf096d5d759c469303a475b150bc3823c-2a6bd70ca6cb5ecbf9e706a0c0b1f4f371c0731c/A.clj
3568,3726,Infinity,conflicts-clj_slow/onyx-0f93628cf096d5d759c469303a475b150bc3823c-2a6bd70ca6cb5ecbf9e706a0c0b1f4f371c0731c/O.clj,conflicts-clj_slow/onyx-0f93628cf096d5d759c469303a475b150bc3823c-2a6bd70ca6cb5ecbf9e706a0c0b1f4f371c0731c/B.clj
3726,3962,Infinity,conflicts-clj_slow/onyx-1282a8f27854a8c9d24ca078c12514a25cba9924-14685e682200966286541f87ad925f79565cf844/O.clj,conflicts-clj_slow/onyx-1282a8f27854a8c9d24ca078c12514a25cba9924-14685e682200966286541f87ad925f79565cf844/A.clj
3726,3731,Infinity,conflicts-clj_slow/onyx-1282a8f27854a8c9d24ca078c12514a25cba9924-14685e682200966286541f87ad925f79565cf844/O.clj,conflicts-clj_slow/onyx-1282a8f27854a8c9d24ca078c12514a25cba9924-14685e682200966286541f87ad925f79565cf844/B.clj
6975,7039,Infinity,conflicts-clj_slow/onyx-1a167b32cbbcee657ed1382c2c91f29cfefc9027-71aa42080d2e834825f32aa579a64c4c75dc8e48/O.clj,conflicts-clj_slow/onyx-1a167b32cbbcee657ed1382c2c91f29cfefc9027-71aa42080d2e834825f32aa579a64c4c75dc8e48/A.clj
6975,7441,Infinity,conflicts-clj_slow/onyx-1a167b32cbbcee657ed1382c2c91f29cfefc9027-71aa42080d2e834825f32aa579a64c4c75dc8e48/O.clj,conflicts-clj_slow/onyx-1a167b32cbbcee657ed1382c2c91f29cfefc9027-71aa42080d2e834825f32aa579a64c4c75dc8e48/B.clj
6197,1490,Infinity,conflicts-clj_slow/onyx-21e80d8c35ab6d066510c840ec78e9b7b54aeb71-6ed30f1eb6fc94697a0669ab87335d8a2c69d4fa/O.clj,conflicts-clj_slow/onyx-21e80d8c35ab6d066510c840ec78e9b7b54aeb71-6ed30f1eb6fc94697a0669ab87335d8a2c69d4fa/A.clj
6197,1500,Infinity,conflicts-clj_slow/onyx-21e80d8c35ab6d066510c840ec78e9b7b54aeb71-6ed30f1eb6fc94697a0669ab87335d8a2c69d4fa/O.clj,conflicts-clj_slow/onyx-21e80d8c35ab6d066510c840ec78e9b7b54aeb71-6ed30f1eb6fc94697a0669ab87335d8a2c69d4fa/B.clj
5276,4215,Infinity,conflicts-clj_slow/onyx-2c0dbf98de6f10acad8dd2eb287d29ffc4eeb3f1-730fe0303782ed46ae6ca010d50272cd38519523/O.clj,conflicts-clj_slow/onyx-2c0dbf98de6f10acad8dd2eb287d29ffc4eeb3f1-730fe0303782ed46ae6ca010d50272cd38519523/A.clj
5276,5279,Infinity,conflicts-clj_slow/onyx-2c0dbf98de6f10acad8dd2eb287d29ffc4eeb3f1-730fe0303782ed46ae6ca010d50272cd38519523/O.clj,conflicts-clj_slow/onyx-2c0dbf98de6f10acad8dd2eb287d29ffc4eeb3f1-730fe0303782ed46ae6ca010d50272cd38519523/B.clj
4440,4422,Infinity,conflicts-clj_slow/onyx-2c0dbf98de6f10acad8dd2eb287d29ffc4eeb3f1-8968eba8d0e6648863751559523d64b2d1819d9b/O.clj,conflicts-clj_slow/onyx-2c0dbf98de6f10acad8dd2eb287d29ffc4eeb3f1-8968eba8d0e6648863751559523d64b2d1819d9b/A.clj
4440,4474,Infinity,conflicts-clj_slow/onyx-2c0dbf98de6f10acad8dd2eb287d29ffc4eeb3f1-8968eba8d0e6648863751559523d64b2d1819d9b/O.clj,conflicts-clj_slow/onyx-2c0dbf98de6f10acad8dd2eb287d29ffc4eeb3f1-8968eba8d0e6648863751559523d64b2d1819d9b/B.clj
6564,6602,Infinity,conflicts-clj_slow/onyx-2d0b9238f45930f0db58f90579d130ffdbef6043-9a9856746a49860ec76e5131ea62cb0d29ef7325/O.clj,conflicts-clj_slow/onyx-2d0b9238f45930f0db58f90579d130ffdbef6043-9a9856746a49860ec76e5131ea62cb0d29ef7325/A.clj
6564,6732,Infinity,conflicts-clj_slow/onyx-2d0b9238f45930f0db58f90579d130ffdbef6043-9a9856746a49860ec76e5131ea62cb0d29ef7325/O.clj,conflicts-clj_slow/onyx-2d0b9238f45930f0db58f90579d130ffdbef6043-9a9856746a49860ec76e5131ea62cb0d29ef7325/B.clj
3542,3766,Infinity,conflicts-clj_slow/onyx-33f0c2241672839c6a6f21d0de3c2b6fa5e9f41b-2f7600a2f8ff9c0d5fd3c3dd2a65d8052b590d9c/O.clj,conflicts-clj_slow/onyx-33f0c2241672839c6a6f21d0de3c2b6fa5e9f41b-2f7600a2f8ff9c0d5fd3c3dd2a65d8052b590d9c/A.clj
3542,3570,Infinity,conflicts-clj_slow/onyx-33f0c2241672839c6a6f21d0de3c2b6fa5e9f41b-2f7600a2f8ff9c0d5fd3c3dd2a65d8052b590d9c/O.clj,conflicts-clj_slow/onyx-33f0c2241672839c6a6f21d0de3c2b6fa5e9f41b-2f7600a2f8ff9c0d5fd3c3dd2a65d8052b590d9c/B.clj
6258,6806,Infinity,conflicts-clj_slow/onyx-33f0c2241672839c6a6f21d0de3c2b6fa5e9f41b-74061026940b6ec59315febd1fdb6aa90c65b3c0/O.clj,conflicts-clj_slow/onyx-33f0c2241672839c6a6f21d0de3c2b6fa5e9f41b-74061026940b6ec59315febd1fdb6aa90c65b3c0/A.clj
6258,6280,Infinity,conflicts-clj_slow/onyx-33f0c2241672839c6a6f21d0de3c2b6fa5e9f41b-74061026940b6ec59315febd1fdb6aa90c65b3c0/O.clj,conflicts-clj_slow/onyx-33f0c2241672839c6a6f21d0de3c2b6fa5e9f41b-74061026940b6ec59315febd1fdb6aa90c65b3c0/B.clj
884,886,Infinity,conflicts-clj_slow/onyx-379dd63baffcb5f77650694688dd9ebd0f06f8a4-42bf637616aaa18a3b301a8af2a08081aaa96143/O.clj,conflicts-clj_slow/onyx-379dd63baffcb5f77650694688dd9ebd0f06f8a4-42bf637616aaa18a3b301a8af2a08081aaa96143/B.clj
5167,4183,Infinity,conflicts-clj_slow/onyx-379dd63baffcb5f77650694688dd9ebd0f06f8a4-de712a8209f9f5db2ca1e5f1db7a1bbf6fb4e0df/O.clj,conflicts-clj_slow/onyx-379dd63baffcb5f77650694688dd9ebd0f06f8a4-de712a8209f9f5db2ca1e5f1db7a1bbf6fb4e0df/A.clj
5167,5276,Infinity,conflicts-clj_slow/onyx-379dd63baffcb5f77650694688dd9ebd0f06f8a4-de712a8209f9f5db2ca1e5f1db7a1bbf6fb4e0df/O.clj,conflicts-clj_slow/onyx-379dd63baffcb5f77650694688dd9ebd0f06f8a4-de712a8209f9f5db2ca1e5f1db7a1bbf6fb4e0df/B.clj
3675,3675,Infinity,conflicts-clj_slow/onyx-38c825c48b12780b385f93eee19f1b36a33e9d8c-bfb13bba5ee6f2c52f0aabcf1826464fcffdac21/O.clj,conflicts-clj_slow/onyx-38c825c48b12780b385f93eee19f1b36a33e9d8c-bfb13bba5ee6f2c52f0aabcf1826464fcffdac21/A.clj
3675,4059,Infinity,conflicts-clj_slow/onyx-38c825c48b12780b385f93eee19f1b36a33e9d8c-bfb13bba5ee6f2c52f0aabcf1826464fcffdac21/O.clj,conflicts-clj_slow/onyx-38c825c48b12780b385f93eee19f1b36a33e9d8c-bfb13bba5ee6f2c52f0aabcf1826464fcffdac21/B.clj
1776,1784,Infinity,conflicts-clj_slow/onyx-4089c4c0d06709095e5501230c71aff80a93912e-a61e06399f4475e150692184fb8b77d4c1bf594b/O.clj,conflicts-clj_slow/onyx-4089c4c0d06709095e5501230c71aff80a93912e-a61e06399f4475e150692184fb8b77d4c1bf594b/B.clj
3578,2792,Infinity,conflicts-clj_slow/onyx-4089c4c0d06709095e5501230c71aff80a93912e-e3694e784bcafea1f5962189198e2a2a7c639dd8/O.clj,conflicts-clj_slow/onyx-4089c4c0d06709095e5501230c71aff80a93912e-e3694e784bcafea1f5962189198e2a2a7c639dd8/A.clj
3578,3590,Infinity,conflicts-clj_slow/onyx-4089c4c0d06709095e5501230c71aff80a93912e-e3694e784bcafea1f5962189198e2a2a7c639dd8/O.clj,conflicts-clj_slow/onyx-4089c4c0d06709095e5501230c71aff80a93912e-e3694e784bcafea1f5962189198e2a2a7c639dd8/B.clj
5084,4357,Infinity,conflicts-clj_slow/onyx-4089c4c0d06709095e5501230c71aff80a93912e-e90846a7393cb888ad3671b80376b5c0bfb064d4/O.clj,conflicts-clj_slow/onyx-4089c4c0d06709095e5501230c71aff80a93912e-e90846a7393cb888ad3671b80376b5c0bfb064d4/A.clj
5084,5167,Infinity,conflicts-clj_slow/onyx-4089c4c0d06709095e5501230c71aff80a93912e-e90846a7393cb888ad3671b80376b5c0bfb064d4/O.clj,conflicts-clj_slow/onyx-4089c4c0d06709095e5501230c71aff80a93912e-e90846a7393cb888ad3671b80376b5c0bfb064d4/B.clj
5500,6502,Infinity,conflicts-clj_slow/onyx-4734833a3f1507b1c6c2e6d057c11a3f147e807f-67c9005c7fee2a38346bf718789cad57b5dcb243/O.clj,conflicts-clj_slow/onyx-4734833a3f1507b1c6c2e6d057c11a3f147e807f-67c9005c7fee2a38346bf718789cad57b5dcb243/A.clj
5500,5558,Infinity,conflicts-clj_slow/onyx-4734833a3f1507b1c6c2e6d057c11a3f147e807f-67c9005c7fee2a38346bf718789cad57b5dcb243/O.clj,conflicts-clj_slow/onyx-4734833a3f1507b1c6c2e6d057c11a3f147e807f-67c9005c7fee2a38346bf718789cad57b5dcb243/B.clj
833,821,Infinity,conflicts-clj_slow/onyx-479ffff326a55921680f050900093b940ca8926b-30644a7e6c4c2303bf4d64739970ac1a22df9217/O.clj,conflicts-clj_slow/onyx-479ffff326a55921680f050900093b940ca8926b-30644a7e6c4c2303bf4d64739970ac1a22df9217/B.clj
3723,3004,Infinity,conflicts-clj_slow/onyx-479ffff326a55921680f050900093b940ca8926b-a8b90ccdc847d5807ad29c5a1c273fe5c1838c01/O.clj,conflicts-clj_slow/onyx-479ffff326a55921680f050900093b940ca8926b-a8b90ccdc847d5807ad29c5a1c273fe5c1838c01/A.clj
3723,4196,Infinity,conflicts-clj_slow/onyx-479ffff326a55921680f050900093b940ca8926b-a8b90ccdc847d5807ad29c5a1c273fe5c1838c01/O.clj,conflicts-clj_slow/onyx-479ffff326a55921680f050900093b940ca8926b-a8b90ccdc847d5807ad29c5a1c273fe5c1838c01/B.clj
957,1323,Infinity,conflicts-clj_slow/onyx-479ffff326a55921680f050900093b940ca8926b-bc1363399f8801f00948514358c2bdda8ced3c5a/O.clj,conflicts-clj_slow/onyx-479ffff326a55921680f050900093b940ca8926b-bc1363399f8801f00948514358c2bdda8ced3c5a/B.clj
9685,10147,Infinity,conflicts-clj_slow/onyx-49368d743993f8049ab78010705a4ac448ce3ead-e9596eec0f6b9e29cb57f1ec91a4936285b9c947/O.clj,conflicts-clj_slow/onyx-49368d743993f8049ab78010705a4ac448ce3ead-e9596eec0f6b9e29cb57f1ec91a4936285b9c947/A.clj
9685,9649,Infinity,conflicts-clj_slow/onyx-49368d743993f8049ab78010705a4ac448ce3ead-e9596eec0f6b9e29cb57f1ec91a4936285b9c947/O.clj,conflicts-clj_slow/onyx-49368d743993f8049ab78010705a4ac448ce3ead-e9596eec0f6b9e29cb57f1ec91a4936285b9c947/B.clj
6280,6828,Infinity,conflicts-clj_slow/onyx-5b3b20c77daa4fe0d51e0949dd4584fcaf7c1e98-a363d1bddd4a7c74e6b5fea02e12cc2a0190b8ca/O.clj,conflicts-clj_slow/onyx-5b3b20c77daa4fe0d51e0949dd4584fcaf7c1e98-a363d1bddd4a7c74e6b5fea02e12cc2a0190b8ca/A.clj
6280,6210,Infinity,conflicts-clj_slow/onyx-5b3b20c77daa4fe0d51e0949dd4584fcaf7c1e98-a363d1bddd4a7c74e6b5fea02e12cc2a0190b8ca/O.clj,conflicts-clj_slow/onyx-5b3b20c77daa4fe0d51e0949dd4584fcaf7c1e98-a363d1bddd4a7c74e6b5fea02e12cc2a0190b8ca/B.clj
5351,5371,Infinity,conflicts-clj_slow/onyx-5bf5af182e2e8be14ae7f5d8fe3e8335779550ef-2af98dc186399a92d356d489f1cdcd81550ed548/O.clj,conflicts-clj_slow/onyx-5bf5af182e2e8be14ae7f5d8fe3e8335779550ef-2af98dc186399a92d356d489f1cdcd81550ed548/A.clj
5351,8683,Infinity,conflicts-clj_slow/onyx-5bf5af182e2e8be14ae7f5d8fe3e8335779550ef-2af98dc186399a92d356d489f1cdcd81550ed548/O.clj,conflicts-clj_slow/onyx-5bf5af182e2e8be14ae7f5d8fe3e8335779550ef-2af98dc186399a92d356d489f1cdcd81550ed548/B.clj
3653,3667,Infinity,conflicts-clj_slow/onyx-5bf5af182e2e8be14ae7f5d8fe3e8335779550ef-c7757390a9dad470066c350334b4766bd707c255/O.clj,conflicts-clj_slow/onyx-5bf5af182e2e8be14ae7f5d8fe3e8335779550ef-c7757390a9dad470066c350334b4766bd707c255/A.clj
1609,1619,Infinity,conflicts-clj_slow/onyx-5bf5af182e2e8be14ae7f5d8fe3e8335779550ef-f674c9b66e70345ccb8fd7683952e4117f6498a2/O.clj,conflicts-clj_slow/onyx-5bf5af182e2e8be14ae7f5d8fe3e8335779550ef-f674c9b66e70345ccb8fd7683952e4117f6498a2/A.clj
3577,3575,Infinity,conflicts-clj_slow/onyx-65031c11065716d6988f6353207d31b3b6784103-94286e394b9e790a273cc630d16f65ab3a1434c4/O.clj,conflicts-clj_slow/onyx-65031c11065716d6988f6353207d31b3b6784103-94286e394b9e790a273cc630d16f65ab3a1434c4/A.clj
3577,3579,Infinity,conflicts-clj_slow/onyx-65031c11065716d6988f6353207d31b3b6784103-94286e394b9e790a273cc630d16f65ab3a1434c4/O.clj,conflicts-clj_slow/onyx-65031c11065716d6988f6353207d31b3b6784103-94286e394b9e790a273cc630d16f65ab3a1434c4/B.clj
5317,5319,Infinity,conflicts-clj_slow/onyx-6dd1ee2908f09005abb32805b6c484f2c0aaf6b0-62e9e16ebb385c7a284fe6d6d2f8872163e0883f/O.clj,conflicts-clj_slow/onyx-6dd1ee2908f09005abb32805b6c484f2c0aaf6b0-62e9e16ebb385c7a284fe6d6d2f8872163e0883f/A.clj
5317,5315,Infinity,conflicts-clj_slow/onyx-6dd1ee2908f09005abb32805b6c484f2c0aaf6b0-62e9e16ebb385c7a284fe6d6d2f8872163e0883f/O.clj,conflicts-clj_slow/onyx-6dd1ee2908f09005abb32805b6c484f2c0aaf6b0-62e9e16ebb385c7a284fe6d6d2f8872163e0883f/B.clj
439,443,Infinity,conflicts-clj_slow/onyx-7b756c174d067f13d12cc0ebe6fc28f443a88a06-acc2647f8383d87053383611d3a6d9895b3cad34/O.clj,conflicts-clj_slow/onyx-7b756c174d067f13d12cc0ebe6fc28f443a88a06-acc2647f8383d87053383611d3a6d9895b3cad34/A.clj
6172,6172,Infinity,conflicts-clj_slow/onyx-85f65def330fc3b4cb83ac5a7c556a6409dd3851-3e85e9928d539563d7bdd57e97801cdd5a8f04ea/O.clj,conflicts-clj_slow/onyx-85f65def330fc3b4cb83ac5a7c556a6409dd3851-3e85e9928d539563d7bdd57e97801cdd5a8f04ea/A.clj
6172,6234,Infinity,conflicts-clj_slow/onyx-85f65def330fc3b4cb83ac5a7c556a6409dd3851-3e85e9928d539563d7bdd57e97801cdd5a8f04ea/O.clj,conflicts-clj_slow/onyx-85f65def330fc3b4cb83ac5a7c556a6409dd3851-3e85e9928d539563d7bdd57e97801cdd5a8f04ea/B.clj
999,999,Infinity,conflicts-clj_slow/onyx-95d25b6c2d9af39f97ca10f2672452779fb26268-a631e386bf32110ca020378c9efb01ee2dc32e19/O.clj,conflicts-clj_slow/onyx-95d25b6c2d9af39f97ca10f2672452779fb26268-a631e386bf32110ca020378c9efb01ee2dc32e19/A.clj
4138,4323,Infinity,conflicts-clj_slow/onyx-97046653aadd20f80322df16dcc6921342d10878-07f3c7f31f4cc927ae9cb63909e0d36fc34d1fb5/O.clj,conflicts-clj_slow/onyx-97046653aadd20f80322df16dcc6921342d10878-07f3c7f31f4cc927ae9cb63909e0d36fc34d1fb5/A.clj
4138,4072,Infinity,conflicts-clj_slow/onyx-97046653aadd20f80322df16dcc6921342d10878-07f3c7f31f4cc927ae9cb63909e0d36fc34d1fb5/O.clj,conflicts-clj_slow/onyx-97046653aadd20f80322df16dcc6921342d10878-07f3c7f31f4cc927ae9cb63909e0d36fc34d1fb5/B.clj
7150,6698,Infinity,conflicts-clj_slow/onyx-9f73137761292c819ed0534f48cce1aecc21c399-7a6d7930deda9b5c49bf4c62a7939fba7802ffd9/O.clj,conflicts-clj_slow/onyx-9f73137761292c819ed0534f48cce1aecc21c399-7a6d7930deda9b5c49bf4c62a7939fba7802ffd9/A.clj
7150,6663,Infinity,conflicts-clj_slow/onyx-9f73137761292c819ed0534f48cce1aecc21c399-7a6d7930deda9b5c49bf4c62a7939fba7802ffd9/O.clj,conflicts-clj_slow/onyx-9f73137761292c819ed0534f48cce1aecc21c399-7a6d7930deda9b5c49bf4c62a7939fba7802ffd9/B.clj
5881,6140,Infinity,conflicts-clj_slow/onyx-a25fe7f15cbc53f2993e9d7a70421e2fcbc28d18-0cb1c8382d1e57bfa4cfe99cc92d8a6a29b5dd4c/O.clj,conflicts-clj_slow/onyx-a25fe7f15cbc53f2993e9d7a70421e2fcbc28d18-0cb1c8382d1e57bfa4cfe99cc92d8a6a29b5dd4c/A.clj
5881,5965,Infinity,conflicts-clj_slow/onyx-a25fe7f15cbc53f2993e9d7a70421e2fcbc28d18-0cb1c8382d1e57bfa4cfe99cc92d8a6a29b5dd4c/O.clj,conflicts-clj_slow/onyx-a25fe7f15cbc53f2993e9d7a70421e2fcbc28d18-0cb1c8382d1e57bfa4cfe99cc92d8a6a29b5dd4c/B.clj
6818,6888,Infinity,conflicts-clj_slow/onyx-b490f23bb61440b697cf140de732e72ae862bc16-2dc6b92c842dd1365da2b8c1a5cf4736b01eb36d/O.clj,conflicts-clj_slow/onyx-b490f23bb61440b697cf140de732e72ae862bc16-2dc6b92c842dd1365da2b8c1a5cf4736b01eb36d/A.clj
6818,6913,Infinity,conflicts-clj_slow/onyx-b490f23bb61440b697cf140de732e72ae862bc16-2dc6b92c842dd1365da2b8c1a5cf4736b01eb36d/O.clj,conflicts-clj_slow/onyx-b490f23bb61440b697cf140de732e72ae862bc16-2dc6b92c842dd1365da2b8c1a5cf4736b01eb36d/B.clj
3567,2761,Infinity,conflicts-clj_slow/onyx-c08a8fe6bb96365f6930d22a43071f0a34300149-0b254f3416b825aca5311833b5bfd6e280c70c1f/O.clj,conflicts-clj_slow/onyx-c08a8fe6bb96365f6930d22a43071f0a34300149-0b254f3416b825aca5311833b5bfd6e280c70c1f/A.clj
3567,3578,Infinity,conflicts-clj_slow/onyx-c08a8fe6bb96365f6930d22a43071f0a34300149-0b254f3416b825aca5311833b5bfd6e280c70c1f/O.clj,conflicts-clj_slow/onyx-c08a8fe6bb96365f6930d22a43071f0a34300149-0b254f3416b825aca5311833b5bfd6e280c70c1f/B.clj
339,219,Infinity,conflicts-clj_slow/onyx-c08a8fe6bb96365f6930d22a43071f0a34300149-0cade339f57312ec189e908c2ad282d6983cc2a3/O.clj,conflicts-clj_slow/onyx-c08a8fe6bb96365f6930d22a43071f0a34300149-0cade339f57312ec189e908c2ad282d6983cc2a3/B.clj
634,642,Infinity,conflicts-clj_slow/onyx-c08a8fe6bb96365f6930d22a43071f0a34300149-8773161f2d61e098311f4625fc0c92896f1ac51f/O.clj,conflicts-clj_slow/onyx-c08a8fe6bb96365f6930d22a43071f0a34300149-8773161f2d61e098311f4625fc0c92896f1ac51f/B.clj
5068,4423,Infinity,conflicts-clj_slow/onyx-c08a8fe6bb96365f6930d22a43071f0a34300149-c042f1ed7d11d118428f71b83b31048bc7ee6694/O.clj,conflicts-clj_slow/onyx-c08a8fe6bb96365f6930d22a43071f0a34300149-c042f1ed7d11d118428f71b83b31048bc7ee6694/A.clj
5068,5084,Infinity,conflicts-clj_slow/onyx-c08a8fe6bb96365f6930d22a43071f0a34300149-c042f1ed7d11d118428f71b83b31048bc7ee6694/O.clj,conflicts-clj_slow/onyx-c08a8fe6bb96365f6930d22a43071f0a34300149-c042f1ed7d11d118428f71b83b31048bc7ee6694/B.clj
1047,1047,Infinity,conflicts-clj_slow/onyx-c08a8fe6bb96365f6930d22a43071f0a34300149-c533b1fd9b439006c0bf995241ce250cd83fd9e1/O.clj,conflicts-clj_slow/onyx-c08a8fe6bb96365f6930d22a43071f0a34300149-c533b1fd9b439006c0bf995241ce250cd83fd9e1/A.clj
353,233,Infinity,conflicts-clj_slow/onyx-c08a8fe6bb96365f6930d22a43071f0a34300149-d4ebf89fd33a60f6419523b57554a916d77d5e8e/O.clj,conflicts-clj_slow/onyx-c08a8fe6bb96365f6930d22a43071f0a34300149-d4ebf89fd33a60f6419523b57554a916d77d5e8e/B.clj
909,909,Infinity,conflicts-clj_slow/onyx-c08a8fe6bb96365f6930d22a43071f0a34300149-d5fa9d382ec1439be31e0736162ba4dd31b85527/O.clj,conflicts-clj_slow/onyx-c08a8fe6bb96365f6930d22a43071f0a34300149-d5fa9d382ec1439be31e0736162ba4dd31b85527/B.clj
1768,1776,Infinity,conflicts-clj_slow/onyx-c08a8fe6bb96365f6930d22a43071f0a34300149-e21facd7c9c4e803bfd838ccc78a341bb7b14359/O.clj,conflicts-clj_slow/onyx-c08a8fe6bb96365f6930d22a43071f0a34300149-e21facd7c9c4e803bfd838ccc78a341bb7b14359/B.clj
5537,5351,Infinity,conflicts-clj_slow/onyx-c21a9f213ada8776bd5e047131b21205014713aa-60d6ad7d64ab67c8909d510f14f4ccd0f2498ee1/O.clj,conflicts-clj_slow/onyx-c21a9f213ada8776bd5e047131b21205014713aa-60d6ad7d64ab67c8909d510f14f4ccd0f2498ee1/A.clj
5537,8683,Infinity,conflicts-clj_slow/onyx-c21a9f213ada8776bd5e047131b21205014713aa-60d6ad7d64ab67c8909d510f14f4ccd0f2498ee1/O.clj,conflicts-clj_slow/onyx-c21a9f213ada8776bd5e047131b21205014713aa-60d6ad7d64ab67c8909d510f14f4ccd0f2498ee1/B.clj
3717,3748,Infinity,conflicts-clj_slow/onyx-c3a1c372fd99618bd331b8a58d8e15a291762e59-cc4145d3dba3eeabeb48eba09b58662cccaab752/O.clj,conflicts-clj_slow/onyx-c3a1c372fd99618bd331b8a58d8e15a291762e59-cc4145d3dba3eeabeb48eba09b58662cccaab752/A.clj
3717,3728,Infinity,conflicts-clj_slow/onyx-c3a1c372fd99618bd331b8a58d8e15a291762e59-cc4145d3dba3eeabeb48eba09b58662cccaab752/O.clj,conflicts-clj_slow/onyx-c3a1c372fd99618bd331b8a58d8e15a291762e59-cc4145d3dba3eeabeb48eba09b58662cccaab752/B.clj
6502,6586,Infinity,conflicts-clj_slow/onyx-c6f7cb10182752ee5608c9a86895e8e352ba51c9-366c874083b2af3db4a1f813f22219ff7846f1cc/O.clj,conflicts-clj_slow/onyx-c6f7cb10182752ee5608c9a86895e8e352ba51c9-366c874083b2af3db4a1f813f22219ff7846f1cc/A.clj
6502,6564,Infinity,conflicts-clj_slow/onyx-c6f7cb10182752ee5608c9a86895e8e352ba51c9-366c874083b2af3db4a1f813f22219ff7846f1cc/O.clj,conflicts-clj_slow/onyx-c6f7cb10182752ee5608c9a86895e8e352ba51c9-366c874083b2af3db4a1f813f22219ff7846f1cc/B.clj
1154,1152,Infinity,conflicts-clj_slow/onyx-cdd59a813a86a6fba4c9b0e93afd91feafa438b7-00e8f7b4ad9b00eb27f276b389b2674062c3b3a4/O.clj,conflicts-clj_slow/onyx-cdd59a813a86a6fba4c9b0e93afd91feafa438b7-00e8f7b4ad9b00eb27f276b389b2674062c3b3a4/B.clj
576,588,Infinity,conflicts-clj_slow/onyx-cdd59a813a86a6fba4c9b0e93afd91feafa438b7-022e214bd4ecc0b570f7f9b138c5d9e15595fb5f/O.clj,conflicts-clj_slow/onyx-cdd59a813a86a6fba4c9b0e93afd91feafa438b7-022e214bd4ecc0b570f7f9b138c5d9e15595fb5f/A.clj
6731,7185,Infinity,conflicts-clj_slow/onyx-cdd59a813a86a6fba4c9b0e93afd91feafa438b7-1ce038910327a5c13503e5f895dd66eb661387de/O.clj,conflicts-clj_slow/onyx-cdd59a813a86a6fba4c9b0e93afd91feafa438b7-1ce038910327a5c13503e5f895dd66eb661387de/A.clj
6731,6335,Infinity,conflicts-clj_slow/onyx-cdd59a813a86a6fba4c9b0e93afd91feafa438b7-1ce038910327a5c13503e5f895dd66eb661387de/O.clj,conflicts-clj_slow/onyx-cdd59a813a86a6fba4c9b0e93afd91feafa438b7-1ce038910327a5c13503e5f895dd66eb661387de/B.clj
256,254,Infinity,conflicts-clj_slow/onyx-cdd59a813a86a6fba4c9b0e93afd91feafa438b7-2d669c9858dd08a710004ff7d8473c622e0e15f9/O.clj,conflicts-clj_slow/onyx-cdd59a813a86a6fba4c9b0e93afd91feafa438b7-2d669c9858dd08a710004ff7d8473c622e0e15f9/B.clj
1793,1793,Infinity,conflicts-clj_slow/onyx-cdd59a813a86a6fba4c9b0e93afd91feafa438b7-3e478169499e28d18bacc78b7e81e0eda9b47fe4/O.clj,conflicts-clj_slow/onyx-cdd59a813a86a6fba4c9b0e93afd91feafa438b7-3e478169499e28d18bacc78b7e81e0eda9b47fe4/B.clj
1163,1161,Infinity,conflicts-clj_slow/onyx-cdd59a813a86a6fba4c9b0e93afd91feafa438b7-46b85f6923bfbb2574092f600d2f1f7be585e04b/O.clj,conflicts-clj_slow/onyx-cdd59a813a86a6fba4c9b0e93afd91feafa438b7-46b85f6923bfbb2574092f600d2f1f7be585e04b/B.clj
109,109,Infinity,conflicts-clj_slow/onyx-cdd59a813a86a6fba4c9b0e93afd91feafa438b7-4d79ba7ffcd7beb06876a8a2fc18ba1ac78d7cfa/O.clj,conflicts-clj_slow/onyx-cdd59a813a86a6fba4c9b0e93afd91feafa438b7-4d79ba7ffcd7beb06876a8a2fc18ba1ac78d7cfa/B.clj
1232,1222,Infinity,conflicts-clj_slow/onyx-cdd59a813a86a6fba4c9b0e93afd91feafa438b7-77437dfa24eb5610d3d87497598b075ae9287765/O.clj,conflicts-clj_slow/onyx-cdd59a813a86a6fba4c9b0e93afd91feafa438b7-77437dfa24eb5610d3d87497598b075ae9287765/B.clj
501,499,Infinity,conflicts-clj_slow/onyx-cdd59a813a86a6fba4c9b0e93afd91feafa438b7-7c5a35a9568a40b7456406faa10777db6af6dab2/O.clj,conflicts-clj_slow/onyx-cdd59a813a86a6fba4c9b0e93afd91feafa438b7-7c5a35a9568a40b7456406faa10777db6af6dab2/B.clj
828,828,Infinity,conflicts-clj_slow/onyx-cdd59a813a86a6fba4c9b0e93afd91feafa438b7-81e59b5f8c93f46a50d4d9423ad9e4e8c2605171/O.clj,conflicts-clj_slow/onyx-cdd59a813a86a6fba4c9b0e93afd91feafa438b7-81e59b5f8c93f46a50d4d9423ad9e4e8c2605171/B.clj
1611,1609,Infinity,conflicts-clj_slow/onyx-cdd59a813a86a6fba4c9b0e93afd91feafa438b7-a9af4826646860f3acc3c2fa9dfe98e0e1bb2877/O.clj,conflicts-clj_slow/onyx-cdd59a813a86a6fba4c9b0e93afd91feafa438b7-a9af4826646860f3acc3c2fa9dfe98e0e1bb2877/B.clj
886,884,Infinity,conflicts-clj_slow/onyx-cdd59a813a86a6fba4c9b0e93afd91feafa438b7-ac2abfa8534a08c6e85137119d47a1e21e64b26a/O.clj,conflicts-clj_slow/onyx-cdd59a813a86a6fba4c9b0e93afd91feafa438b7-ac2abfa8534a08c6e85137119d47a1e21e64b26a/B.clj
3590,3653,Infinity,conflicts-clj_slow/onyx-cdd59a813a86a6fba4c9b0e93afd91feafa438b7-b08f0fe1a4ac48ece7a20b30e8141e06a0110b8a/O.clj,conflicts-clj_slow/onyx-cdd59a813a86a6fba4c9b0e93afd91feafa438b7-b08f0fe1a4ac48ece7a20b30e8141e06a0110b8a/B.clj
2306,2304,Infinity,conflicts-clj_slow/onyx-cdd59a813a86a6fba4c9b0e93afd91feafa438b7-c07796f75fac6e98e50e0428f41bb7c02700cf2c/O.clj,conflicts-clj_slow/onyx-cdd59a813a86a6fba4c9b0e93afd91feafa438b7-c07796f75fac6e98e50e0428f41bb7c02700cf2c/B.clj
129,131,Infinity,conflicts-clj_slow/onyx-cdd59a813a86a6fba4c9b0e93afd91feafa438b7-c8311d8c78c1ca64e21d0e0c45b4bcbf33aa2748/O.clj,conflicts-clj_slow/onyx-cdd59a813a86a6fba4c9b0e93afd91feafa438b7-c8311d8c78c1ca64e21d0e0c45b4bcbf33aa2748/B.clj
909,907,Infinity,conflicts-clj_slow/onyx-cdd59a813a86a6fba4c9b0e93afd91feafa438b7-cc7acc56c2613f1b911a8bcb8382f8294f85e4ff/O.clj,conflicts-clj_slow/onyx-cdd59a813a86a6fba4c9b0e93afd91feafa438b7-cc7acc56c2613f1b911a8bcb8382f8294f85e4ff/B.clj
3179,3250,Infinity,conflicts-clj_slow/onyx-cdd59a813a86a6fba4c9b0e93afd91feafa438b7-e32d874c582f1f6911d9807a788ea73d57726474/O.clj,conflicts-clj_slow/onyx-cdd59a813a86a6fba4c9b0e93afd91feafa438b7-e32d874c582f1f6911d9807a788ea73d57726474/A.clj
3179,3015,Infinity,conflicts-clj_slow/onyx-cdd59a813a86a6fba4c9b0e93afd91feafa438b7-e32d874c582f1f6911d9807a788ea73d57726474/O.clj,conflicts-clj_slow/onyx-cdd59a813a86a6fba4c9b0e93afd91feafa438b7-e32d874c582f1f6911d9807a788ea73d57726474/B.clj
5267,7456,Infinity,conflicts-clj_slow/onyx-cdd59a813a86a6fba4c9b0e93afd91feafa438b7-f2a87fdb39dcf83cc64df370716124724c705fba/O.clj,conflicts-clj_slow/onyx-cdd59a813a86a6fba4c9b0e93afd91feafa438b7-f2a87fdb39dcf83cc64df370716124724c705fba/A.clj
5267,5537,Infinity,conflicts-clj_slow/onyx-cdd59a813a86a6fba4c9b0e93afd91feafa438b7-f2a87fdb39dcf83cc64df370716124724c705fba/O.clj,conflicts-clj_slow/onyx-cdd59a813a86a6fba4c9b0e93afd91feafa438b7-f2a87fdb39dcf83cc64df370716124724c705fba/B.clj
7121,7373,Infinity,conflicts-clj_slow/onyx-e78750462decdb528f6d7ce98ec3b730714befa8-aeb912d5c6624a730c8918463ba8ed7033bf8baf/O.clj,conflicts-clj_slow/onyx-e78750462decdb528f6d7ce98ec3b730714befa8-aeb912d5c6624a730c8918463ba8ed7033bf8baf/A.clj
7121,5959,Infinity,conflicts-clj_slow/onyx-e78750462decdb528f6d7ce98ec3b730714befa8-aeb912d5c6624a730c8918463ba8ed7033bf8baf/O.clj,conflicts-clj_slow/onyx-e78750462decdb528f6d7ce98ec3b730714befa8-aeb912d5c6624a730c8918463ba8ed7033bf8baf/B.clj
2771,3431,Infinity,conflicts-clj_slow/onyx-f256d90d3e5bdbe3504273427086300727fdcede-6f8dd12e412de0f378185129ca508062eb28fe2a/O.clj,conflicts-clj_slow/onyx-f256d90d3e5bdbe3504273427086300727fdcede-6f8dd12e412de0f378185129ca508062eb28fe2a/A.clj
2771,2781,Infinity,conflicts-clj_slow/onyx-f256d90d3e5bdbe3504273427086300727fdcede-6f8dd12e412de0f378185129ca508062eb28fe2a/O.clj,conflicts-clj_slow/onyx-f256d90d3e5bdbe3504273427086300727fdcede-6f8dd12e412de0f378185129ca508062eb28fe2a/B.clj
5279,4222,Infinity,conflicts-clj_slow/onyx-fac8c31378feec0ece5649c80298200269c3e36e-4cf1b3ef6fb5f62b0bad15cb2bde070b36a8aa26/O.clj,conflicts-clj_slow/onyx-fac8c31378feec0ece5649c80298200269c3e36e-4cf1b3ef6fb5f62b0bad15cb2bde070b36a8aa26/A.clj
5279,5267,Infinity,conflicts-clj_slow/onyx-fac8c31378feec0ece5649c80298200269c3e36e-4cf1b3ef6fb5f62b0bad15cb2bde070b36a8aa26/O.clj,conflicts-clj_slow/onyx-fac8c31378feec0ece5649c80298200269c3e36e-4cf1b3ef6fb5f62b0bad15cb2bde070b36a8aa26/B.clj
3611,3614,Infinity,conflicts-clj_slow/overtone-1dd2a008fee3bba6b686a0024a01a5aa3e4e2d93-1a79e958cdf9a9bf1b8f249d058564f994dfd6cf/O.clj,conflicts-clj_slow/overtone-1dd2a008fee3bba6b686a0024a01a5aa3e4e2d93-1a79e958cdf9a9bf1b8f249d058564f994dfd6cf/A.clj
3611,3657,Infinity,conflicts-clj_slow/overtone-1dd2a008fee3bba6b686a0024a01a5aa3e4e2d93-1a79e958cdf9a9bf1b8f249d058564f994dfd6cf/O.clj,conflicts-clj_slow/overtone-1dd2a008fee3bba6b686a0024a01a5aa3e4e2d93-1a79e958cdf9a9bf1b8f249d058564f994dfd6cf/B.clj
5018,4796,Infinity,conflicts-clj_slow/overtone-28f1c3b3607e9a8774ba8ec7d8e46d5b78381d37-7bc53e7bcacf18bf644c9560ce06d57a839c202a/O.clj,conflicts-clj_slow/overtone-28f1c3b3607e9a8774ba8ec7d8e46d5b78381d37-7bc53e7bcacf18bf644c9560ce06d57a839c202a/A.clj
5018,3043,Infinity,conflicts-clj_slow/overtone-28f1c3b3607e9a8774ba8ec7d8e46d5b78381d37-7bc53e7bcacf18bf644c9560ce06d57a839c202a/O.clj,conflicts-clj_slow/overtone-28f1c3b3607e9a8774ba8ec7d8e46d5b78381d37-7bc53e7bcacf18bf644c9560ce06d57a839c202a/B.clj
6008,5932,Infinity,conflicts-clj_slow/overtone-2d52c5fffea93e03ea223b2c58894c6e2336373e-6aebe60e482feaae86986dcc3a96d1945f3aacf8/O.clj,conflicts-clj_slow/overtone-2d52c5fffea93e03ea223b2c58894c6e2336373e-6aebe60e482feaae86986dcc3a96d1945f3aacf8/A.clj
6008,6041,Infinity,conflicts-clj_slow/overtone-2d52c5fffea93e03ea223b2c58894c6e2336373e-6aebe60e482feaae86986dcc3a96d1945f3aacf8/O.clj,conflicts-clj_slow/overtone-2d52c5fffea93e03ea223b2c58894c6e2336373e-6aebe60e482feaae86986dcc3a96d1945f3aacf8/B.clj
4474,4091,Infinity,conflicts-clj_slow/overtone-2e08b4dadfe601348ab946f1f55ebf0caddb1b01-6ebcebb9a757415e82a49fbaaad0db1b5bb6f531/O.clj,conflicts-clj_slow/overtone-2e08b4dadfe601348ab946f1f55ebf0caddb1b01-6ebcebb9a757415e82a49fbaaad0db1b5bb6f531/A.clj
4474,4452,Infinity,conflicts-clj_slow/overtone-2e08b4dadfe601348ab946f1f55ebf0caddb1b01-6ebcebb9a757415e82a49fbaaad0db1b5bb6f531/O.clj,conflicts-clj_slow/overtone-2e08b4dadfe601348ab946f1f55ebf0caddb1b01-6ebcebb9a757415e82a49fbaaad0db1b5bb6f531/B.clj
2765,2765,Infinity,conflicts-clj_slow/overtone-3af9b67c71fe738047ed40fa90104fd470514fef-987e96f2debf09d705877adc6db232dcbd1c3cc7/O.clj,conflicts-clj_slow/overtone-3af9b67c71fe738047ed40fa90104fd470514fef-987e96f2debf09d705877adc6db232dcbd1c3cc7/A.clj
2765,2759,Infinity,conflicts-clj_slow/overtone-3af9b67c71fe738047ed40fa90104fd470514fef-987e96f2debf09d705877adc6db232dcbd1c3cc7/O.clj,conflicts-clj_slow/overtone-3af9b67c71fe738047ed40fa90104fd470514fef-987e96f2debf09d705877adc6db232dcbd1c3cc7/B.clj
4417,4377,Infinity,conflicts-clj_slow/overtone-639b0462501698fcf5b67faeb6bb21f20e48e44c-d32b957f5972a03cac2937342e28d2e091d29df8/O.clj,conflicts-clj_slow/overtone-639b0462501698fcf5b67faeb6bb21f20e48e44c-d32b957f5972a03cac2937342e28d2e091d29df8/A.clj
4417,5226,Infinity,conflicts-clj_slow/overtone-639b0462501698fcf5b67faeb6bb21f20e48e44c-d32b957f5972a03cac2937342e28d2e091d29df8/O.clj,conflicts-clj_slow/overtone-639b0462501698fcf5b67faeb6bb21f20e48e44c-d32b957f5972a03cac2937342e28d2e091d29df8/B.clj
4417,4922,Infinity,conflicts-clj_slow/overtone-78dd924af3e6c3c2d818dfd40d67ab0f1d0d9933-d32b957f5972a03cac2937342e28d2e091d29df8/O.clj,conflicts-clj_slow/overtone-78dd924af3e6c3c2d818dfd40d67ab0f1d0d9933-d32b957f5972a03cac2937342e28d2e091d29df8/A.clj
4417,4377,Infinity,conflicts-clj_slow/overtone-78dd924af3e6c3c2d818dfd40d67ab0f1d0d9933-d32b957f5972a03cac2937342e28d2e091d29df8/O.clj,conflicts-clj_slow/overtone-78dd924af3e6c3c2d818dfd40d67ab0f1d0d9933-d32b957f5972a03cac2937342e28d2e091d29df8/B.clj
6664,6407,Infinity,conflicts-clj_slow/overtone-892b18c96d070522fcdb27b15786b0b9eb325077-d78c7478506a68a0923c958996180835d5f5c5ba/O.clj,conflicts-clj_slow/overtone-892b18c96d070522fcdb27b15786b0b9eb325077-d78c7478506a68a0923c958996180835d5f5c5ba/A.clj
6664,6919,Infinity,conflicts-clj_slow/overtone-892b18c96d070522fcdb27b15786b0b9eb325077-d78c7478506a68a0923c958996180835d5f5c5ba/O.clj,conflicts-clj_slow/overtone-892b18c96d070522fcdb27b15786b0b9eb325077-d78c7478506a68a0923c958996180835d5f5c5ba/B.clj
143,183,Infinity,conflicts-clj_slow/overtone-a80c5fd11bc5206f34a716eaaf95276e350547dc-08b2772d7587d211306b4c462b35a3ab141dc058/O.clj,conflicts-clj_slow/overtone-a80c5fd11bc5206f34a716eaaf95276e350547dc-08b2772d7587d211306b4c462b35a3ab141dc058/B.clj
4401,4361,Infinity,conflicts-clj_slow/overtone-b2f2b18c0f39bcff84cdbb3be2847c1f2c293862-81f0bb9b1ca94f791959ffcb3a2364dffa2415fe/O.clj,conflicts-clj_slow/overtone-b2f2b18c0f39bcff84cdbb3be2847c1f2c293862-81f0bb9b1ca94f791959ffcb3a2364dffa2415fe/A.clj
4401,4417,Infinity,conflicts-clj_slow/overtone-b2f2b18c0f39bcff84cdbb3be2847c1f2c293862-81f0bb9b1ca94f791959ffcb3a2364dffa2415fe/O.clj,conflicts-clj_slow/overtone-b2f2b18c0f39bcff84cdbb3be2847c1f2c293862-81f0bb9b1ca94f791959ffcb3a2364dffa2415fe/B.clj
5907,5901,Infinity,conflicts-clj_slow/overtone-b3baf6297819d5d90bb9d4106e8a5707f80a2d0d-2039e5b105c3807ca61f1801d8ff19db7054ae98/O.clj,conflicts-clj_slow/overtone-b3baf6297819d5d90bb9d4106e8a5707f80a2d0d-2039e5b105c3807ca61f1801d8ff19db7054ae98/A.clj
5907,5922,Infinity,conflicts-clj_slow/overtone-b3baf6297819d5d90bb9d4106e8a5707f80a2d0d-2039e5b105c3807ca61f1801d8ff19db7054ae98/O.clj,conflicts-clj_slow/overtone-b3baf6297819d5d90bb9d4106e8a5707f80a2d0d-2039e5b105c3807ca61f1801d8ff19db7054ae98/B.clj
6008,5932,Infinity,conflicts-clj_slow/overtone-b9cbce42a23bc764ba2217a4e3f2b1e60e46acf3-6aebe60e482feaae86986dcc3a96d1945f3aacf8/O.clj,conflicts-clj_slow/overtone-b9cbce42a23bc764ba2217a4e3f2b1e60e46acf3-6aebe60e482feaae86986dcc3a96d1945f3aacf8/A.clj
6008,6020,Infinity,conflicts-clj_slow/overtone-b9cbce42a23bc764ba2217a4e3f2b1e60e46acf3-6aebe60e482feaae86986dcc3a96d1945f3aacf8/O.clj,conflicts-clj_slow/overtone-b9cbce42a23bc764ba2217a4e3f2b1e60e46acf3-6aebe60e482feaae86986dcc3a96d1945f3aacf8/B.clj
401,450,Infinity,conflicts-clj_slow/pedestal-02317fe75eec9876c697592a6fc809513ebb863e-9e0af094f3bb8b2644d5395a45665d6ca9d88b45/O.clj,conflicts-clj_slow/pedestal-02317fe75eec9876c697592a6fc809513ebb863e-9e0af094f3bb8b2644d5395a45665d6ca9d88b45/A.clj
