8827,9012,Infinity,conflicts-lua_slow/busted-13cb72f7cb536b9af632c27a98a92b6243ef4127-fab02eb9cb072dd5b74772c82cc6f5bd0c5edc98/O.lua,conflicts-lua_slow/busted-13cb72f7cb536b9af632c27a98a92b6243ef4127-fab02eb9cb072dd5b74772c82cc6f5bd0c5edc98/A.lua
8827,7394,Infinity,conflicts-lua_slow/busted-13cb72f7cb536b9af632c27a98a92b6243ef4127-fab02eb9cb072dd5b74772c82cc6f5bd0c5edc98/O.lua,conflicts-lua_slow/busted-13cb72f7cb536b9af632c27a98a92b6243ef4127-fab02eb9cb072dd5b74772c82cc6f5bd0c5edc98/B.lua
7483,8581,Infinity,conflicts-lua_slow/busted-4d7538d0085d9dd12eec0f405051786596c252ae-1ac5bdc0c158d27a71cb26dfc0e5d55a259948bc/O.lua,conflicts-lua_slow/busted-4d7538d0085d9dd12eec0f405051786596c252ae-1ac5bdc0c158d27a71cb26dfc0e5d55a259948bc/A.lua
7483,7634,Infinity,conflicts-lua_slow/busted-4d7538d0085d9dd12eec0f405051786596c252ae-1ac5bdc0c158d27a71cb26dfc0e5d55a259948bc/O.lua,conflicts-lua_slow/busted-4d7538d0085d9dd12eec0f405051786596c252ae-1ac5bdc0c158d27a71cb26dfc0e5d55a259948bc/B.lua
7162,7338,Infinity,conflicts-lua_slow/busted-5257736b993a40e7e6c3bf5b9be85fc21daced57-408373d00ff17f1913f7da8d1982f50001a45c9d/O.lua,conflicts-lua_slow/busted-5257736b993a40e7e6c3bf5b9be85fc21daced57-408373d00ff17f1913f7da8d1982f50001a45c9d/A.lua
7162,8827,Infinity,conflicts-lua_slow/busted-5257736b993a40e7e6c3bf5b9be85fc21daced57-408373d00ff17f1913f7da8d1982f50001a45c9d/O.lua,conflicts-lua_slow/busted-5257736b993a40e7e6c3bf5b9be85fc21daced57-408373d00ff17f1913f7da8d1982f50001a45c9d/B.lua
4220,4496,Infinity,conflicts-lua_slow/busted-92d4982d94dab524f11d54c5d66c66194a15e414-d228e631ac0117c1b9422f1a5e220948ca00c36d/O.lua,conflicts-lua_slow/busted-92d4982d94dab524f11d54c5d66c66194a15e414-d228e631ac0117c1b9422f1a5e220948ca00c36d/A.lua
4220,6500,Infinity,conflicts-lua_slow/busted-92d4982d94dab524f11d54c5d66c66194a15e414-d228e631ac0117c1b9422f1a5e220948ca00c36d/O.lua,conflicts-lua_slow/busted-92d4982d94dab524f11d54c5d66c66194a15e414-d228e631ac0117c1b9422f1a5e220948ca00c36d/B.lua
14303,14608,Infinity,conflicts-lua_slow/CorsixTH-4d8f0e4b8d4a7e4d033d77ad728e93fe9db5df1d-ce1e2348ef1aec1ba9071ab315ec1331f59e87ed/O.lua,conflicts-lua_slow/CorsixTH-4d8f0e4b8d4a7e4d033d77ad728e93fe9db5df1d-ce1e2348ef1aec1ba9071ab315ec1331f59e87ed/A.lua
14303,14578,Infinity,conflicts-lua_slow/CorsixTH-4d8f0e4b8d4a7e4d033d77ad728e93fe9db5df1d-ce1e2348ef1aec1ba9071ab315ec1331f59e87ed/O.lua,conflicts-lua_slow/CorsixTH-4d8f0e4b8d4a7e4d033d77ad728e93fe9db5df1d-ce1e2348ef1aec1ba9071ab315ec1331f59e87ed/B.lua
9943,9020,Infinity,conflicts-lua_slow/CorsixTH-4d8f0e4b8d4a7e4d033d77ad728e93fe9db5df1d-d6059226e7f2c0b265205aed891ac5c6998d278f/O.lua,conflicts-lua_slow/CorsixTH-4d8f0e4b8d4a7e4d033d77ad728e93fe9db5df1d-d6059226e7f2c0b265205aed891ac5c6998d278f/A.lua
9943,10332,Infinity,conflicts-lua_slow/CorsixTH-4d8f0e4b8d4a7e4d033d77ad728e93fe9db5df1d-d6059226e7f2c0b265205aed891ac5c6998d278f/O.lua,conflicts-lua_slow/CorsixTH-4d8f0e4b8d4a7e4d033d77ad728e93fe9db5df1d-d6059226e7f2c0b265205aed891ac5c6998d278f/B.lua
17121,17121,Infinity,conflicts-lua_slow/CorsixTH-51e4662344d127c8bcbb74c08835354781b94ca7-9e62d4e67746a5b2b101ea8cf1606cf4d361ee81/O.lua,conflicts-lua_slow/CorsixTH-51e4662344d127c8bcbb74c08835354781b94ca7-9e62d4e67746a5b2b101ea8cf1606cf4d361ee81/A.lua
17121,17121,Infinity,conflicts-lua_slow/CorsixTH-51e4662344d127c8bcbb74c08835354781b94ca7-9e62d4e67746a5b2b101ea8cf1606cf4d361ee81/O.lua,conflicts-lua_slow/CorsixTH-51e4662344d127c8bcbb74c08835354781b94ca7-9e62d4e67746a5b2b101ea8cf1606cf4d361ee81/B.lua
7176,7224,Infinity,conflicts-lua_slow/CorsixTH-6ad4cad18c49a230162b38c9e452e90a6622984f-dd6434d1c8d0aa73664b33a3a543525e6f03dc2d/O.lua,conflicts-lua_slow/CorsixTH-6ad4cad18c49a230162b38c9e452e90a6622984f-dd6434d1c8d0aa73664b33a3a543525e6f03dc2d/A.lua
7176,8179,Infinity,conflicts-lua_slow/CorsixTH-6ad4cad18c49a230162b38c9e452e90a6622984f-dd6434d1c8d0aa73664b33a3a543525e6f03dc2d/O.lua,conflicts-lua_slow/CorsixTH-6ad4cad18c49a230162b38c9e452e90a6622984f-dd6434d1c8d0aa73664b33a3a543525e6f03dc2d/B.lua
9036,8920,Infinity,conflicts-lua_slow/CorsixTH-6d31388040dfd63707bce4af8bf1cfa6f69a9fcd-17a97eafb0619d0d7f4a60fc80d9bedf5eb9243f/O.lua,conflicts-lua_slow/CorsixTH-6d31388040dfd63707bce4af8bf1cfa6f69a9fcd-17a97eafb0619d0d7f4a60fc80d9bedf5eb9243f/A.lua
9036,9106,Infinity,conflicts-lua_slow/CorsixTH-6d31388040dfd63707bce4af8bf1cfa6f69a9fcd-17a97eafb0619d0d7f4a60fc80d9bedf5eb9243f/O.lua,conflicts-lua_slow/CorsixTH-6d31388040dfd63707bce4af8bf1cfa6f69a9fcd-17a97eafb0619d0d7f4a60fc80d9bedf5eb9243f/B.lua
14502,14608,Infinity,conflicts-lua_slow/CorsixTH-6d31388040dfd63707bce4af8bf1cfa6f69a9fcd-bebb6c7b56062cbac65cd9af8e5a6227774a2565/O.lua,conflicts-lua_slow/CorsixTH-6d31388040dfd63707bce4af8bf1cfa6f69a9fcd-bebb6c7b56062cbac65cd9af8e5a6227774a2565/A.lua
14502,14502,Infinity,conflicts-lua_slow/CorsixTH-6d31388040dfd63707bce4af8bf1cfa6f69a9fcd-bebb6c7b56062cbac65cd9af8e5a6227774a2565/O.lua,conflicts-lua_slow/CorsixTH-6d31388040dfd63707bce4af8bf1cfa6f69a9fcd-bebb6c7b56062cbac65cd9af8e5a6227774a2565/B.lua
12977,12915,Infinity,conflicts-lua_slow/CorsixTH-7d00bbb635c481b92740cdd37eb9c5443ebc49ec-c115b0129778a90f4fb1bfae8c1b13cd15c28248/O.lua,conflicts-lua_slow/CorsixTH-7d00bbb635c481b92740cdd37eb9c5443ebc49ec-c115b0129778a90f4fb1bfae8c1b13cd15c28248/A.lua
12977,13016,Infinity,conflicts-lua_slow/CorsixTH-7d00bbb635c481b92740cdd37eb9c5443ebc49ec-c115b0129778a90f4fb1bfae8c1b13cd15c28248/O.lua,conflicts-lua_slow/CorsixTH-7d00bbb635c481b92740cdd37eb9c5443ebc49ec-c115b0129778a90f4fb1bfae8c1b13cd15c28248/B.lua
14303,14502,Infinity,conflicts-lua_slow/CorsixTH-c25bd7dd0eea802a7acbf9e9f761c9298017d8ba-1e0bf02460f75f1894324e43c8f602f3df5cca87/O.lua,conflicts-lua_slow/CorsixTH-c25bd7dd0eea802a7acbf9e9f761c9298017d8ba-1e0bf02460f75f1894324e43c8f602f3df5cca87/A.lua
14303,14303,Infinity,conflicts-lua_slow/CorsixTH-c25bd7dd0eea802a7acbf9e9f761c9298017d8ba-1e0bf02460f75f1894324e43c8f602f3df5cca87/O.lua,conflicts-lua_slow/CorsixTH-c25bd7dd0eea802a7acbf9e9f761c9298017d8ba-1e0bf02460f75f1894324e43c8f602f3df5cca87/B.lua
12977,12915,Infinity,conflicts-lua_slow/CorsixTH-c25bd7dd0eea802a7acbf9e9f761c9298017d8ba-54419cf3cd47197168e9f10b5d7ba2317dc27b47/O.lua,conflicts-lua_slow/CorsixTH-c25bd7dd0eea802a7acbf9e9f761c9298017d8ba-54419cf3cd47197168e9f10b5d7ba2317dc27b47/A.lua
12977,12977,Infinity,conflicts-lua_slow/CorsixTH-c25bd7dd0eea802a7acbf9e9f761c9298017d8ba-54419cf3cd47197168e9f10b5d7ba2317dc27b47/O.lua,conflicts-lua_slow/CorsixTH-c25bd7dd0eea802a7acbf9e9f761c9298017d8ba-54419cf3cd47197168e9f10b5d7ba2317dc27b47/B.lua
20267,20424,Infinity,conflicts-lua_slow/CorsixTH-c25bd7dd0eea802a7acbf9e9f761c9298017d8ba-6ad01c565fe67e4e4dad9ab5993f5859b8b690c5/O.lua,conflicts-lua_slow/CorsixTH-c25bd7dd0eea802a7acbf9e9f761c9298017d8ba-6ad01c565fe67e4e4dad9ab5993f5859b8b690c5/A.lua
20267,20267,Infinity,conflicts-lua_slow/CorsixTH-c25bd7dd0eea802a7acbf9e9f761c9298017d8ba-6ad01c565fe67e4e4dad9ab5993f5859b8b690c5/O.lua,conflicts-lua_slow/CorsixTH-c25bd7dd0eea802a7acbf9e9f761c9298017d8ba-6ad01c565fe67e4e4dad9ab5993f5859b8b690c5/B.lua
11250,11250,Infinity,conflicts-lua_slow/CorsixTH-c25bd7dd0eea802a7acbf9e9f761c9298017d8ba-a12e721a8d5dbb12f8f113790ad4a07a915d97f5/O.lua,conflicts-lua_slow/CorsixTH-c25bd7dd0eea802a7acbf9e9f761c9298017d8ba-a12e721a8d5dbb12f8f113790ad4a07a915d97f5/A.lua
11250,11250,Infinity,conflicts-lua_slow/CorsixTH-c25bd7dd0eea802a7acbf9e9f761c9298017d8ba-a12e721a8d5dbb12f8f113790ad4a07a915d97f5/O.lua,conflicts-lua_slow/CorsixTH-c25bd7dd0eea802a7acbf9e9f761c9298017d8ba-a12e721a8d5dbb12f8f113790ad4a07a915d97f5/B.lua
26594,26659,Infinity,conflicts-lua_slow/CorsixTH-c25bd7dd0eea802a7acbf9e9f761c9298017d8ba-b599f30fdd47434ae5c7324dec52e7d65e2e73c4/O.lua,conflicts-lua_slow/CorsixTH-c25bd7dd0eea802a7acbf9e9f761c9298017d8ba-b599f30fdd47434ae5c7324dec52e7d65e2e73c4/A.lua
26594,26594,Infinity,conflicts-lua_slow/CorsixTH-c25bd7dd0eea802a7acbf9e9f761c9298017d8ba-b599f30fdd47434ae5c7324dec52e7d65e2e73c4/O.lua,conflicts-lua_slow/CorsixTH-c25bd7dd0eea802a7acbf9e9f761c9298017d8ba-b599f30fdd47434ae5c7324dec52e7d65e2e73c4/B.lua
9692,9036,Infinity,conflicts-lua_slow/CorsixTH-c25bd7dd0eea802a7acbf9e9f761c9298017d8ba-c710a78edf135d13ea5d33ee445e0af1847bb4ed/O.lua,conflicts-lua_slow/CorsixTH-c25bd7dd0eea802a7acbf9e9f761c9298017d8ba-c710a78edf135d13ea5d33ee445e0af1847bb4ed/A.lua
9692,9692,Infinity,conflicts-lua_slow/CorsixTH-c25bd7dd0eea802a7acbf9e9f761c9298017d8ba-c710a78edf135d13ea5d33ee445e0af1847bb4ed/O.lua,conflicts-lua_slow/CorsixTH-c25bd7dd0eea802a7acbf9e9f761c9298017d8ba-c710a78edf135d13ea5d33ee445e0af1847bb4ed/B.lua
16790,16790,Infinity,conflicts-lua_slow/CorsixTH-c9af3d75ddae212cd5fa805fa2d9de002f56fa2b-2ac61c242211a1ed5ce251de5bd0f22d497e0c24/O.lua,conflicts-lua_slow/CorsixTH-c9af3d75ddae212cd5fa805fa2d9de002f56fa2b-2ac61c242211a1ed5ce251de5bd0f22d497e0c24/A.lua
16790,16823,Infinity,conflicts-lua_slow/CorsixTH-c9af3d75ddae212cd5fa805fa2d9de002f56fa2b-2ac61c242211a1ed5ce251de5bd0f22d497e0c24/O.lua,conflicts-lua_slow/CorsixTH-c9af3d75ddae212cd5fa805fa2d9de002f56fa2b-2ac61c242211a1ed5ce251de5bd0f22d497e0c24/B.lua
14303,14551,Infinity,conflicts-lua_slow/CorsixTH-cc17336e69def0a63d7f9105a6e62980fd8756c2-c4f94451d7abda1509517fc1112370e29977d94d/O.lua,conflicts-lua_slow/CorsixTH-cc17336e69def0a63d7f9105a6e62980fd8756c2-c4f94451d7abda1509517fc1112370e29977d94d/A.lua
14303,14303,Infinity,conflicts-lua_slow/CorsixTH-cc17336e69def0a63d7f9105a6e62980fd8756c2-c4f94451d7abda1509517fc1112370e29977d94d/O.lua,conflicts-lua_slow/CorsixTH-cc17336e69def0a63d7f9105a6e62980fd8756c2-c4f94451d7abda1509517fc1112370e29977d94d/B.lua
26776,29060,Infinity,conflicts-lua_slow/CorsixTH-cc17336e69def0a63d7f9105a6e62980fd8756c2-e17e3985e2a3c7619548fdf0629f98c96900e30b/O.lua,conflicts-lua_slow/CorsixTH-cc17336e69def0a63d7f9105a6e62980fd8756c2-e17e3985e2a3c7619548fdf0629f98c96900e30b/A.lua
26776,26966,Infinity,conflicts-lua_slow/CorsixTH-cc17336e69def0a63d7f9105a6e62980fd8756c2-e17e3985e2a3c7619548fdf0629f98c96900e30b/O.lua,conflicts-lua_slow/CorsixTH-cc17336e69def0a63d7f9105a6e62980fd8756c2-e17e3985e2a3c7619548fdf0629f98c96900e30b/B.lua
9664,8747,Infinity,conflicts-lua_slow/CorsixTH-d0d9e75ef76e7c244de92a77f0f38a0d268b2f24-4af7aaf1958414c71bdb8452d5fa5cdc539ab6e3/O.lua,conflicts-lua_slow/CorsixTH-d0d9e75ef76e7c244de92a77f0f38a0d268b2f24-4af7aaf1958414c71bdb8452d5fa5cdc539ab6e3/A.lua
9664,9692,Infinity,conflicts-lua_slow/CorsixTH-d0d9e75ef76e7c244de92a77f0f38a0d268b2f24-4af7aaf1958414c71bdb8452d5fa5cdc539ab6e3/O.lua,conflicts-lua_slow/CorsixTH-d0d9e75ef76e7c244de92a77f0f38a0d268b2f24-4af7aaf1958414c71bdb8452d5fa5cdc539ab6e3/B.lua
12686,12662,Infinity,conflicts-lua_slow/CorsixTH-d0d9e75ef76e7c244de92a77f0f38a0d268b2f24-4de59893e3b50cc54786ae50548e068d27fcbfcd/O.lua,conflicts-lua_slow/CorsixTH-d0d9e75ef76e7c244de92a77f0f38a0d268b2f24-4de59893e3b50cc54786ae50548e068d27fcbfcd/A.lua
12686,12977,Infinity,conflicts-lua_slow/CorsixTH-d0d9e75ef76e7c244de92a77f0f38a0d268b2f24-4de59893e3b50cc54786ae50548e068d27fcbfcd/O.lua,conflicts-lua_slow/CorsixTH-d0d9e75ef76e7c244de92a77f0f38a0d268b2f24-4de59893e3b50cc54786ae50548e068d27fcbfcd/B.lua
9015,9015,Infinity,conflicts-lua_slow/hawkthorne-journey-0d59c86d2ac19f2e4a8b6a5e6610882892b7f5fa-c09e33488370bc2824ad7d8fb66b3a1f845d890e/O.lua,conflicts-lua_slow/hawkthorne-journey-0d59c86d2ac19f2e4a8b6a5e6610882892b7f5fa-c09e33488370bc2824ad7d8fb66b3a1f845d890e/A.lua
9015,9177,Infinity,conflicts-lua_slow/hawkthorne-journey-0d59c86d2ac19f2e4a8b6a5e6610882892b7f5fa-c09e33488370bc2824ad7d8fb66b3a1f845d890e/O.lua,conflicts-lua_slow/hawkthorne-journey-0d59c86d2ac19f2e4a8b6a5e6610882892b7f5fa-c09e33488370bc2824ad7d8fb66b3a1f845d890e/B.lua
6842,8197,Infinity,conflicts-lua_slow/hawkthorne-journey-122c36cbc3f01fdecff9d4e183a54dc10dab0c6c-277a8b47889034d04f09fcdd61035c42446d948c/O.lua,conflicts-lua_slow/hawkthorne-journey-122c36cbc3f01fdecff9d4e183a54dc10dab0c6c-277a8b47889034d04f09fcdd61035c42446d948c/A.lua
6842,6988,Infinity,conflicts-lua_slow/hawkthorne-journey-122c36cbc3f01fdecff9d4e183a54dc10dab0c6c-277a8b47889034d04f09fcdd61035c42446d948c/O.lua,conflicts-lua_slow/hawkthorne-journey-122c36cbc3f01fdecff9d4e183a54dc10dab0c6c-277a8b47889034d04f09fcdd61035c42446d948c/B.lua
387,429,Infinity,conflicts-lua_slow/hawkthorne-journey-122c36cbc3f01fdecff9d4e183a54dc10dab0c6c-563df45e984e4f28a07744d55b8aa6076702c339/O.lua,conflicts-lua_slow/hawkthorne-journey-122c36cbc3f01fdecff9d4e183a54dc10dab0c6c-563df45e984e4f28a07744d55b8aa6076702c339/A.lua
9177,9177,Infinity,conflicts-lua_slow/hawkthorne-journey-172127e1d02c5368fea56df06da0fe32323169d7-6096a3169b4b40f527d92a41fab3b3c17cc006db/O.lua,conflicts-lua_slow/hawkthorne-journey-172127e1d02c5368fea56df06da0fe32323169d7-6096a3169b4b40f527d92a41fab3b3c17cc006db/A.lua
9177,9254,Infinity,conflicts-lua_slow/hawkthorne-journey-172127e1d02c5368fea56df06da0fe32323169d7-6096a3169b4b40f527d92a41fab3b3c17cc006db/O.lua,conflicts-lua_slow/hawkthorne-journey-172127e1d02c5368fea56df06da0fe32323169d7-6096a3169b4b40f527d92a41fab3b3c17cc006db/B.lua
19,23,Infinity,conflicts-lua_slow/hawkthorne-journey-4e6367738bf197e043a5862cb749920d5ddf2ce4-79818fc9b40670382e6d5d44f4e5e25b96d707a9/O.lua,conflicts-lua_slow/hawkthorne-journey-4e6367738bf197e043a5862cb749920d5ddf2ce4-79818fc9b40670382e6d5d44f4e5e25b96d707a9/A.lua
9014,8999,Infinity,conflicts-lua_slow/hawkthorne-journey-4efd4a0b156840c7b9a93d70eff8830af1961caf-cec0d20058b95219d4303e2bee84a4bc41325593/O.lua,conflicts-lua_slow/hawkthorne-journey-4efd4a0b156840c7b9a93d70eff8830af1961caf-cec0d20058b95219d4303e2bee84a4bc41325593/A.lua
9014,9075,Infinity,conflicts-lua_slow/hawkthorne-journey-4efd4a0b156840c7b9a93d70eff8830af1961caf-cec0d20058b95219d4303e2bee84a4bc41325593/O.lua,conflicts-lua_slow/hawkthorne-journey-4efd4a0b156840c7b9a93d70eff8830af1961caf-cec0d20058b95219d4303e2bee84a4bc41325593/B.lua
331,331,Infinity,conflicts-lua_slow/hawkthorne-journey-56ca7af909e1bd4bbe94340788af140510e4a030-c8c1441be620a2f494c40e65d63da7246d42f0d0/O.lua,conflicts-lua_slow/hawkthorne-journey-56ca7af909e1bd4bbe94340788af140510e4a030-c8c1441be620a2f494c40e65d63da7246d42f0d0/B.lua
493,479,Infinity,conflicts-lua_slow/hawkthorne-journey-56ca7af909e1bd4bbe94340788af140510e4a030-cd9e9ccba61a636ecf303afdbaeadfb8b7bd656d/O.lua,conflicts-lua_slow/hawkthorne-journey-56ca7af909e1bd4bbe94340788af140510e4a030-cd9e9ccba61a636ecf303afdbaeadfb8b7bd656d/B.lua
316,316,Infinity,conflicts-lua_slow/hawkthorne-journey-56ca7af909e1bd4bbe94340788af140510e4a030-efd107b83dfd47f61309239c2b839afde5c8623b/O.lua,conflicts-lua_slow/hawkthorne-journey-56ca7af909e1bd4bbe94340788af140510e4a030-efd107b83dfd47f61309239c2b839afde5c8623b/B.lua
306,306,Infinity,conflicts-lua_slow/hawkthorne-journey-5d967325b94525b03e943b0c2106edea0b97195b-fcf784dcd8318c35053347295633dbf8da065d06/O.lua,conflicts-lua_slow/hawkthorne-journey-5d967325b94525b03e943b0c2106edea0b97195b-fcf784dcd8318c35053347295633dbf8da065d06/A.lua
10102,10233,Infinity,conflicts-lua_slow/hawkthorne-journey-68e4533075f1a32d3ad19ec29deb7bdb5928f14e-b5651ce5ee8d0d9f821d8d4eabb365edfc3c5508/O.lua,conflicts-lua_slow/hawkthorne-journey-68e4533075f1a32d3ad19ec29deb7bdb5928f14e-b5651ce5ee8d0d9f821d8d4eabb365edfc3c5508/A.lua
10102,10202,Infinity,conflicts-lua_slow/hawkthorne-journey-68e4533075f1a32d3ad19ec29deb7bdb5928f14e-b5651ce5ee8d0d9f821d8d4eabb365edfc3c5508/O.lua,conflicts-lua_slow/hawkthorne-journey-68e4533075f1a32d3ad19ec29deb7bdb5928f14e-b5651ce5ee8d0d9f821d8d4eabb365edfc3c5508/B.lua
562,665,Infinity,conflicts-lua_slow/hawkthorne-journey-70615e08e24221d6869de5583ff60fc4f85b2b7d-d172a80ccb7b862cea169829f420490d9cbc0318/O.lua,conflicts-lua_slow/hawkthorne-journey-70615e08e24221d6869de5583ff60fc4f85b2b7d-d172a80ccb7b862cea169829f420490d9cbc0318/B.lua
6957,7052,Infinity,conflicts-lua_slow/hawkthorne-journey-777dbc881a81abbe5811cccdc83452ffc13f2c1f-762162e5a70d302851432a572cdf6297913776bc/O.lua,conflicts-lua_slow/hawkthorne-journey-777dbc881a81abbe5811cccdc83452ffc13f2c1f-762162e5a70d302851432a572cdf6297913776bc/A.lua
6957,6998,Infinity,conflicts-lua_slow/hawkthorne-journey-777dbc881a81abbe5811cccdc83452ffc13f2c1f-762162e5a70d302851432a572cdf6297913776bc/O.lua,conflicts-lua_slow/hawkthorne-journey-777dbc881a81abbe5811cccdc83452ffc13f2c1f-762162e5a70d302851432a572cdf6297913776bc/B.lua
7288,7427,Infinity,conflicts-lua_slow/hawkthorne-journey-7d61562471e71cd6e097901a0e678a2526f2bfba-9460dfeb623bb7b77ab40cbf44a60958c38b755d/O.lua,conflicts-lua_slow/hawkthorne-journey-7d61562471e71cd6e097901a0e678a2526f2bfba-9460dfeb623bb7b77ab40cbf44a60958c38b755d/A.lua
7288,7558,Infinity,conflicts-lua_slow/hawkthorne-journey-7d61562471e71cd6e097901a0e678a2526f2bfba-9460dfeb623bb7b77ab40cbf44a60958c38b755d/O.lua,conflicts-lua_slow/hawkthorne-journey-7d61562471e71cd6e097901a0e678a2526f2bfba-9460dfeb623bb7b77ab40cbf44a60958c38b755d/B.lua
8740,8752,Infinity,conflicts-lua_slow/hawkthorne-journey-7e3c381b1af306dd6048e572b24c2fe0be3e35f9-36893df0919268d3d0c947b1f47deb7f55f82a4a/O.lua,conflicts-lua_slow/hawkthorne-journey-7e3c381b1af306dd6048e572b24c2fe0be3e35f9-36893df0919268d3d0c947b1f47deb7f55f82a4a/A.lua
8740,9004,Infinity,conflicts-lua_slow/hawkthorne-journey-7e3c381b1af306dd6048e572b24c2fe0be3e35f9-36893df0919268d3d0c947b1f47deb7f55f82a4a/O.lua,conflicts-lua_slow/hawkthorne-journey-7e3c381b1af306dd6048e572b24c2fe0be3e35f9-36893df0919268d3d0c947b1f47deb7f55f82a4a/B.lua
8150,8103,Infinity,conflicts-lua_slow/hawkthorne-journey-85c00835aee4580492eb95dcbdd31a21964aebfc-6ac9f3fd0cd20050ff9b6abcf49942b0df7635a1/O.lua,conflicts-lua_slow/hawkthorne-journey-85c00835aee4580492eb95dcbdd31a21964aebfc-6ac9f3fd0cd20050ff9b6abcf49942b0df7635a1/A.lua
8150,8023,Infinity,conflicts-lua_slow/hawkthorne-journey-85c00835aee4580492eb95dcbdd31a21964aebfc-6ac9f3fd0cd20050ff9b6abcf49942b0df7635a1/O.lua,conflicts-lua_slow/hawkthorne-journey-85c00835aee4580492eb95dcbdd31a21964aebfc-6ac9f3fd0cd20050ff9b6abcf49942b0df7635a1/B.lua
9048,9112,Infinity,conflicts-lua_slow/hawkthorne-journey-85c00835aee4580492eb95dcbdd31a21964aebfc-ed90d78a48291ace6b12dd0d6fc3a5067aa832d0/O.lua,conflicts-lua_slow/hawkthorne-journey-85c00835aee4580492eb95dcbdd31a21964aebfc-ed90d78a48291ace6b12dd0d6fc3a5067aa832d0/A.lua
9048,9015,Infinity,conflicts-lua_slow/hawkthorne-journey-85c00835aee4580492eb95dcbdd31a21964aebfc-ed90d78a48291ace6b12dd0d6fc3a5067aa832d0/O.lua,conflicts-lua_slow/hawkthorne-journey-85c00835aee4580492eb95dcbdd31a21964aebfc-ed90d78a48291ace6b12dd0d6fc3a5067aa832d0/B.lua
5898,8340,Infinity,conflicts-lua_slow/hawkthorne-journey-89fe83cbf1aab90ddc2035d4b553241ab56d8d4f-840b3c7d7057fc1d571bb7545f4b66901e6bbfa7/O.lua,conflicts-lua_slow/hawkthorne-journey-89fe83cbf1aab90ddc2035d4b553241ab56d8d4f-840b3c7d7057fc1d571bb7545f4b66901e6bbfa7/A.lua
5898,6035,Infinity,conflicts-lua_slow/hawkthorne-journey-89fe83cbf1aab90ddc2035d4b553241ab56d8d4f-840b3c7d7057fc1d571bb7545f4b66901e6bbfa7/O.lua,conflicts-lua_slow/hawkthorne-journey-89fe83cbf1aab90ddc2035d4b553241ab56d8d4f-840b3c7d7057fc1d571bb7545f4b66901e6bbfa7/B.lua
2065,2106,Infinity,conflicts-lua_slow/hawkthorne-journey-8a1110cb98becbc44d918f9b12129716d3efa001-d0479df7588c4c57c6997bbed50f79d5ce1c3f6e/O.lua,conflicts-lua_slow/hawkthorne-journey-8a1110cb98becbc44d918f9b12129716d3efa001-d0479df7588c4c57c6997bbed50f79d5ce1c3f6e/A.lua
2196,2207,Infinity,conflicts-lua_slow/hawkthorne-journey-8abd015dfd504e883931432f5a9e82a8b241fa71-9dc4a41cfb6970f327057fd597155a8cbb08a69b/O.lua,conflicts-lua_slow/hawkthorne-journey-8abd015dfd504e883931432f5a9e82a8b241fa71-9dc4a41cfb6970f327057fd597155a8cbb08a69b/A.lua
2712,2740,Infinity,conflicts-lua_slow/hawkthorne-journey-8abd015dfd504e883931432f5a9e82a8b241fa71-e2645449081c942e9321eacc6aa87f66c180330d/O.lua,conflicts-lua_slow/hawkthorne-journey-8abd015dfd504e883931432f5a9e82a8b241fa71-e2645449081c942e9321eacc6aa87f66c180330d/A.lua
8340,8647,Infinity,conflicts-lua_slow/hawkthorne-journey-8c98d8b7ffcfaf5d0e5a00a79799320a72d60a96-d1b31713344497dfd58c9b5d4f65f0a9880fb9a7/O.lua,conflicts-lua_slow/hawkthorne-journey-8c98d8b7ffcfaf5d0e5a00a79799320a72d60a96-d1b31713344497dfd58c9b5d4f65f0a9880fb9a7/A.lua
8340,8527,Infinity,conflicts-lua_slow/hawkthorne-journey-8c98d8b7ffcfaf5d0e5a00a79799320a72d60a96-d1b31713344497dfd58c9b5d4f65f0a9880fb9a7/O.lua,conflicts-lua_slow/hawkthorne-journey-8c98d8b7ffcfaf5d0e5a00a79799320a72d60a96-d1b31713344497dfd58c9b5d4f65f0a9880fb9a7/B.lua
7093,7328,Infinity,conflicts-lua_slow/hawkthorne-journey-a3214bf5be22d14dbe4656b57d3b2653b973f889-40adf3b3b27ebc590636f3c8713bc640b47a2a7c/O.lua,conflicts-lua_slow/hawkthorne-journey-a3214bf5be22d14dbe4656b57d3b2653b973f889-40adf3b3b27ebc590636f3c8713bc640b47a2a7c/A.lua
7093,6915,Infinity,conflicts-lua_slow/hawkthorne-journey-a3214bf5be22d14dbe4656b57d3b2653b973f889-40adf3b3b27ebc590636f3c8713bc640b47a2a7c/O.lua,conflicts-lua_slow/hawkthorne-journey-a3214bf5be22d14dbe4656b57d3b2653b973f889-40adf3b3b27ebc590636f3c8713bc640b47a2a7c/B.lua
2156,2118,Infinity,conflicts-lua_slow/hawkthorne-journey-a3214bf5be22d14dbe4656b57d3b2653b973f889-ee2202dbf4383370ad6bac7008768b9aee90df43/O.lua,conflicts-lua_slow/hawkthorne-journey-a3214bf5be22d14dbe4656b57d3b2653b973f889-ee2202dbf4383370ad6bac7008768b9aee90df43/A.lua
768,783,Infinity,conflicts-lua_slow/hawkthorne-journey-a698a3f1a19597aa1c986f0db10b40d4e5d52677-06175f194754abe5718a27a278738d6fb6c05607/O.lua,conflicts-lua_slow/hawkthorne-journey-a698a3f1a19597aa1c986f0db10b40d4e5d52677-06175f194754abe5718a27a278738d6fb6c05607/B.lua
768,783,Infinity,conflicts-lua_slow/hawkthorne-journey-a698a3f1a19597aa1c986f0db10b40d4e5d52677-27ca08e415f614d9f50dbd0acc1cddc364db65b1/O.lua,conflicts-lua_slow/hawkthorne-journey-a698a3f1a19597aa1c986f0db10b40d4e5d52677-27ca08e415f614d9f50dbd0acc1cddc364db65b1/B.lua
768,783,Infinity,conflicts-lua_slow/hawkthorne-journey-a698a3f1a19597aa1c986f0db10b40d4e5d52677-9c0697c728d3bf839e49fedfc6660d6dd9219edd/O.lua,conflicts-lua_slow/hawkthorne-journey-a698a3f1a19597aa1c986f0db10b40d4e5d52677-9c0697c728d3bf839e49fedfc6660d6dd9219edd/B.lua
8150,8216,Infinity,conflicts-lua_slow/hawkthorne-journey-a7ca31329b5cbadbad4c56b953c343841f7fff20-6ac9f3fd0cd20050ff9b6abcf49942b0df7635a1/O.lua,conflicts-lua_slow/hawkthorne-journey-a7ca31329b5cbadbad4c56b953c343841f7fff20-6ac9f3fd0cd20050ff9b6abcf49942b0df7635a1/A.lua
8150,8023,Infinity,conflicts-lua_slow/hawkthorne-journey-a7ca31329b5cbadbad4c56b953c343841f7fff20-6ac9f3fd0cd20050ff9b6abcf49942b0df7635a1/O.lua,conflicts-lua_slow/hawkthorne-journey-a7ca31329b5cbadbad4c56b953c343841f7fff20-6ac9f3fd0cd20050ff9b6abcf49942b0df7635a1/B.lua
8023,8078,Infinity,conflicts-lua_slow/hawkthorne-journey-ad9ef9534fbe15f4601fc956b3c1d0afabcff50d-e6efdc8e49f0eac9095b30ecd0e30a23a35abcd0/O.lua,conflicts-lua_slow/hawkthorne-journey-ad9ef9534fbe15f4601fc956b3c1d0afabcff50d-e6efdc8e49f0eac9095b30ecd0e30a23a35abcd0/A.lua
8023,8089,Infinity,conflicts-lua_slow/hawkthorne-journey-ad9ef9534fbe15f4601fc956b3c1d0afabcff50d-e6efdc8e49f0eac9095b30ecd0e30a23a35abcd0/O.lua,conflicts-lua_slow/hawkthorne-journey-ad9ef9534fbe15f4601fc956b3c1d0afabcff50d-e6efdc8e49f0eac9095b30ecd0e30a23a35abcd0/B.lua
4816,5076,Infinity,conflicts-lua_slow/hawkthorne-journey-bdbd1908465ceadfe80c0febc6283bd0dc3b171a-2d40cd16b25ca9d292e248296f402a6f2ca64884/O.lua,conflicts-lua_slow/hawkthorne-journey-bdbd1908465ceadfe80c0febc6283bd0dc3b171a-2d40cd16b25ca9d292e248296f402a6f2ca64884/A.lua
4816,5365,Infinity,conflicts-lua_slow/hawkthorne-journey-bdbd1908465ceadfe80c0febc6283bd0dc3b171a-2d40cd16b25ca9d292e248296f402a6f2ca64884/O.lua,conflicts-lua_slow/hawkthorne-journey-bdbd1908465ceadfe80c0febc6283bd0dc3b171a-2d40cd16b25ca9d292e248296f402a6f2ca64884/B.lua
8340,8373,Infinity,conflicts-lua_slow/hawkthorne-journey-c01d475d97952832b45d8f5eb547f2b2d1d913c7-d1b31713344497dfd58c9b5d4f65f0a9880fb9a7/O.lua,conflicts-lua_slow/hawkthorne-journey-c01d475d97952832b45d8f5eb547f2b2d1d913c7-d1b31713344497dfd58c9b5d4f65f0a9880fb9a7/A.lua
8340,8337,Infinity,conflicts-lua_slow/hawkthorne-journey-c01d475d97952832b45d8f5eb547f2b2d1d913c7-d1b31713344497dfd58c9b5d4f65f0a9880fb9a7/O.lua,conflicts-lua_slow/hawkthorne-journey-c01d475d97952832b45d8f5eb547f2b2d1d913c7-d1b31713344497dfd58c9b5d4f65f0a9880fb9a7/B.lua
7093,7133,Infinity,conflicts-lua_slow/hawkthorne-journey-c19098b3e1ab63ebdcdf95003d25d353dba7d562-2761bab2c39459e442720c6cb757b21e46b56299/O.lua,conflicts-lua_slow/hawkthorne-journey-c19098b3e1ab63ebdcdf95003d25d353dba7d562-2761bab2c39459e442720c6cb757b21e46b56299/A.lua
7093,6915,Infinity,conflicts-lua_slow/hawkthorne-journey-c19098b3e1ab63ebdcdf95003d25d353dba7d562-2761bab2c39459e442720c6cb757b21e46b56299/O.lua,conflicts-lua_slow/hawkthorne-journey-c19098b3e1ab63ebdcdf95003d25d353dba7d562-2761bab2c39459e442720c6cb757b21e46b56299/B.lua
2175,2210,Infinity,conflicts-lua_slow/hawkthorne-journey-c19098b3e1ab63ebdcdf95003d25d353dba7d562-30dc35dbadd9496bedd08bc604e1ac3be03e2826/O.lua,conflicts-lua_slow/hawkthorne-journey-c19098b3e1ab63ebdcdf95003d25d353dba7d562-30dc35dbadd9496bedd08bc604e1ac3be03e2826/A.lua
8542,8542,Infinity,conflicts-lua_slow/hawkthorne-journey-c8d267bd26e861a531a9901af67bbe2ee73140d0-77716bcc440bd667aa2073e41eb788efaf49e14d/O.lua,conflicts-lua_slow/hawkthorne-journey-c8d267bd26e861a531a9901af67bbe2ee73140d0-77716bcc440bd667aa2073e41eb788efaf49e14d/A.lua
8542,8534,Infinity,conflicts-lua_slow/hawkthorne-journey-c8d267bd26e861a531a9901af67bbe2ee73140d0-77716bcc440bd667aa2073e41eb788efaf49e14d/O.lua,conflicts-lua_slow/hawkthorne-journey-c8d267bd26e861a531a9901af67bbe2ee73140d0-77716bcc440bd667aa2073e41eb788efaf49e14d/B.lua
772,726,Infinity,conflicts-lua_slow/hawkthorne-journey-ca1ab57b902d8f6fba6f504f32f2525f76d71dad-b65e02334491ed8c5e6d0c160e1ae01163b05cf6/O.lua,conflicts-lua_slow/hawkthorne-journey-ca1ab57b902d8f6fba6f504f32f2525f76d71dad-b65e02334491ed8c5e6d0c160e1ae01163b05cf6/A.lua
9048,9171,Infinity,conflicts-lua_slow/hawkthorne-journey-cb588008ef0d99381f416d04c9b92cd03f8930cb-ed90d78a48291ace6b12dd0d6fc3a5067aa832d0/O.lua,conflicts-lua_slow/hawkthorne-journey-cb588008ef0d99381f416d04c9b92cd03f8930cb-ed90d78a48291ace6b12dd0d6fc3a5067aa832d0/A.lua
9048,9402,Infinity,conflicts-lua_slow/hawkthorne-journey-cb588008ef0d99381f416d04c9b92cd03f8930cb-ed90d78a48291ace6b12dd0d6fc3a5067aa832d0/O.lua,conflicts-lua_slow/hawkthorne-journey-cb588008ef0d99381f416d04c9b92cd03f8930cb-ed90d78a48291ace6b12dd0d6fc3a5067aa832d0/B.lua
6628,6611,Infinity,conflicts-lua_slow/hawkthorne-journey-cca3f578f151bf819b98128ade0738c8e43c2747-42bdf69699b6e3deaf8bf59f346bb28b8ebf76c3/O.lua,conflicts-lua_slow/hawkthorne-journey-cca3f578f151bf819b98128ade0738c8e43c2747-42bdf69699b6e3deaf8bf59f346bb28b8ebf76c3/A.lua
6628,6674,Infinity,conflicts-lua_slow/hawkthorne-journey-cca3f578f151bf819b98128ade0738c8e43c2747-42bdf69699b6e3deaf8bf59f346bb28b8ebf76c3/O.lua,conflicts-lua_slow/hawkthorne-journey-cca3f578f151bf819b98128ade0738c8e43c2747-42bdf69699b6e3deaf8bf59f346bb28b8ebf76c3/B.lua
2196,2209,Infinity,conflicts-lua_slow/hawkthorne-journey-cca3f578f151bf819b98128ade0738c8e43c2747-9dc4a41cfb6970f327057fd597155a8cbb08a69b/O.lua,conflicts-lua_slow/hawkthorne-journey-cca3f578f151bf819b98128ade0738c8e43c2747-9dc4a41cfb6970f327057fd597155a8cbb08a69b/B.lua
2266,2279,Infinity,conflicts-lua_slow/hawkthorne-journey-cca3f578f151bf819b98128ade0738c8e43c2747-c5c10e0f06f1274ff289ef214dbed32f028ef408/O.lua,conflicts-lua_slow/hawkthorne-journey-cca3f578f151bf819b98128ade0738c8e43c2747-c5c10e0f06f1274ff289ef214dbed32f028ef408/B.lua
6915,8228,Infinity,conflicts-lua_slow/hawkthorne-journey-cf60491f96eabbc3a59768bff7154f0d68c2c9d1-0e96bfecd0ccd8de1ca0d6e36e01900567be2af6/O.lua,conflicts-lua_slow/hawkthorne-journey-cf60491f96eabbc3a59768bff7154f0d68c2c9d1-0e96bfecd0ccd8de1ca0d6e36e01900567be2af6/A.lua
6915,6842,Infinity,conflicts-lua_slow/hawkthorne-journey-cf60491f96eabbc3a59768bff7154f0d68c2c9d1-0e96bfecd0ccd8de1ca0d6e36e01900567be2af6/O.lua,conflicts-lua_slow/hawkthorne-journey-cf60491f96eabbc3a59768bff7154f0d68c2c9d1-0e96bfecd0ccd8de1ca0d6e36e01900567be2af6/B.lua
15,19,Infinity,conflicts-lua_slow/hawkthorne-journey-d0007fbf5ba59e5166407ee0ea775eef6fcbfbcd-1a7a7cb986481d9e5a8423f1357b1cc84d2aebc7/O.lua,conflicts-lua_slow/hawkthorne-journey-d0007fbf5ba59e5166407ee0ea775eef6fcbfbcd-1a7a7cb986481d9e5a8423f1357b1cc84d2aebc7/A.lua
15,19,Infinity,conflicts-lua_slow/hawkthorne-journey-d0007fbf5ba59e5166407ee0ea775eef6fcbfbcd-48f15632c9149ecabc218611ceded1693b5c24a1/O.lua,conflicts-lua_slow/hawkthorne-journey-d0007fbf5ba59e5166407ee0ea775eef6fcbfbcd-48f15632c9149ecabc218611ceded1693b5c24a1/A.lua
15,19,Infinity,conflicts-lua_slow/hawkthorne-journey-d0007fbf5ba59e5166407ee0ea775eef6fcbfbcd-c02140232808b29c314cb02caba2448f8c9ccbc0/O.lua,conflicts-lua_slow/hawkthorne-journey-d0007fbf5ba59e5166407ee0ea775eef6fcbfbcd-c02140232808b29c314cb02caba2448f8c9ccbc0/A.lua
8292,8318,Infinity,conflicts-lua_slow/hawkthorne-journey-d10c8c8a337311d0cf4e074544c99880d157d3f9-df89a5276dce2593b55d4c287342988e25c9133f/O.lua,conflicts-lua_slow/hawkthorne-journey-d10c8c8a337311d0cf4e074544c99880d157d3f9-df89a5276dce2593b55d4c287342988e25c9133f/A.lua
8292,8340,Infinity,conflicts-lua_slow/hawkthorne-journey-d10c8c8a337311d0cf4e074544c99880d157d3f9-df89a5276dce2593b55d4c287342988e25c9133f/O.lua,conflicts-lua_slow/hawkthorne-journey-d10c8c8a337311d0cf4e074544c99880d157d3f9-df89a5276dce2593b55d4c287342988e25c9133f/B.lua
7268,7678,Infinity,conflicts-lua_slow/hawkthorne-journey-d4e2a9631585e018730dcc299a958455f94adc52-c128c557504da6c4272f2caac3d333b62e6c13a8/O.lua,conflicts-lua_slow/hawkthorne-journey-d4e2a9631585e018730dcc299a958455f94adc52-c128c557504da6c4272f2caac3d333b62e6c13a8/A.lua
7268,7288,Infinity,conflicts-lua_slow/hawkthorne-journey-d4e2a9631585e018730dcc299a958455f94adc52-c128c557504da6c4272f2caac3d333b62e6c13a8/O.lua,conflicts-lua_slow/hawkthorne-journey-d4e2a9631585e018730dcc299a958455f94adc52-c128c557504da6c4272f2caac3d333b62e6c13a8/B.lua
7268,7288,Infinity,conflicts-lua_slow/hawkthorne-journey-ddf3cc166d93bbf55d9b96781addf6b9dd99e457-c128c557504da6c4272f2caac3d333b62e6c13a8/O.lua,conflicts-lua_slow/hawkthorne-journey-ddf3cc166d93bbf55d9b96781addf6b9dd99e457-c128c557504da6c4272f2caac3d333b62e6c13a8/A.lua
7268,7354,Infinity,conflicts-lua_slow/hawkthorne-journey-ddf3cc166d93bbf55d9b96781addf6b9dd99e457-c128c557504da6c4272f2caac3d333b62e6c13a8/O.lua,conflicts-lua_slow/hawkthorne-journey-ddf3cc166d93bbf55d9b96781addf6b9dd99e457-c128c557504da6c4272f2caac3d333b62e6c13a8/B.lua
959,1071,Infinity,conflicts-lua_slow/hawkthorne-journey-e1a1f92739f1860f58ba98c11d7d5d94d477766e-23293aebe75609d096afdb52d2d29f9a11252a22/O.lua,conflicts-lua_slow/hawkthorne-journey-e1a1f92739f1860f58ba98c11d7d5d94d477766e-23293aebe75609d096afdb52d2d29f9a11252a22/A.lua
673,608,Infinity,conflicts-lua_slow/hawkthorne-journey-e1a1f92739f1860f58ba98c11d7d5d94d477766e-bdff73f0449188c4d074e5cfc209d929dcec42a8/O.lua,conflicts-lua_slow/hawkthorne-journey-e1a1f92739f1860f58ba98c11d7d5d94d477766e-bdff73f0449188c4d074e5cfc209d929dcec42a8/A.lua
7048,7282,Infinity,conflicts-lua_slow/hawkthorne-journey-f0216623fbe03152c2055fb56d1c1b9df9e32181-86045d6c55fd155f7a9116003a75aab11a44198a/O.lua,conflicts-lua_slow/hawkthorne-journey-f0216623fbe03152c2055fb56d1c1b9df9e32181-86045d6c55fd155f7a9116003a75aab11a44198a/A.lua
7048,6915,Infinity,conflicts-lua_slow/hawkthorne-journey-f0216623fbe03152c2055fb56d1c1b9df9e32181-86045d6c55fd155f7a9116003a75aab11a44198a/O.lua,conflicts-lua_slow/hawkthorne-journey-f0216623fbe03152c2055fb56d1c1b9df9e32181-86045d6c55fd155f7a9116003a75aab11a44198a/B.lua
6927,6948,Infinity,conflicts-lua_slow/kong-17bf145b974f408ea4d14941db2469130fb1dbb9-9a40eae43d06b7ef622226a142bc42f27423587f/O.lua,conflicts-lua_slow/kong-17bf145b974f408ea4d14941db2469130fb1dbb9-9a40eae43d06b7ef622226a142bc42f27423587f/A.lua
6927,6920,Infinity,conflicts-lua_slow/kong-17bf145b974f408ea4d14941db2469130fb1dbb9-9a40eae43d06b7ef622226a142bc42f27423587f/O.lua,conflicts-lua_slow/kong-17bf145b974f408ea4d14941db2469130fb1dbb9-9a40eae43d06b7ef622226a142bc42f27423587f/B.lua
4536,4536,Infinity,conflicts-lua_slow/kong-1a5746ae102f843b087801d4a5a1ca01ff625f03-e207cf691116cb4452fc34cdadf7c8655c529ea2/O.lua,conflicts-lua_slow/kong-1a5746ae102f843b087801d4a5a1ca01ff625f03-e207cf691116cb4452fc34cdadf7c8655c529ea2/A.lua
53,53,Infinity,conflicts-lua_slow/kong-1a5746ae102f843b087801d4a5a1ca01ff625f03-f9a62e8c3f8adda49a53678d9c7da169f905b80c/O.lua,conflicts-lua_slow/kong-1a5746ae102f843b087801d4a5a1ca01ff625f03-f9a62e8c3f8adda49a53678d9c7da169f905b80c/A.lua
6656,7201,Infinity,conflicts-lua_slow/kong-2b71933aefe7852e4bdb4c7ba1e134a62a5b8161-da4ab75d41610e076f8a435cee9049e6136ea949/O.lua,conflicts-lua_slow/kong-2b71933aefe7852e4bdb4c7ba1e134a62a5b8161-da4ab75d41610e076f8a435cee9049e6136ea949/A.lua
6656,7288,Infinity,conflicts-lua_slow/kong-2b71933aefe7852e4bdb4c7ba1e134a62a5b8161-da4ab75d41610e076f8a435cee9049e6136ea949/O.lua,conflicts-lua_slow/kong-2b71933aefe7852e4bdb4c7ba1e134a62a5b8161-da4ab75d41610e076f8a435cee9049e6136ea949/B.lua
5632,5555,Infinity,conflicts-lua_slow/kong-3c47101bfa30baf7aa4274d65a2146e87c3cba6c-ba34b948d866c0e9e10897f39368fa0acbbad1bf/O.lua,conflicts-lua_slow/kong-3c47101bfa30baf7aa4274d65a2146e87c3cba6c-ba34b948d866c0e9e10897f39368fa0acbbad1bf/A.lua
5632,6061,Infinity,conflicts-lua_slow/kong-3c47101bfa30baf7aa4274d65a2146e87c3cba6c-ba34b948d866c0e9e10897f39368fa0acbbad1bf/O.lua,conflicts-lua_slow/kong-3c47101bfa30baf7aa4274d65a2146e87c3cba6c-ba34b948d866c0e9e10897f39368fa0acbbad1bf/B.lua
5999,6020,Infinity,conflicts-lua_slow/kong-45d02921ae02759c8b545fb6a071f402da091805-ec4642d1252dadff204f15dbbfe6afbdae74b7da/O.lua,conflicts-lua_slow/kong-45d02921ae02759c8b545fb6a071f402da091805-ec4642d1252dadff204f15dbbfe6afbdae74b7da/B.lua
6217,6481,Infinity,conflicts-lua_slow/kong-58345780a23634edc32dec4ae5d28c7a7eee1dec-52e1692e1ba39ae23c83e50d9bed41c7629c0201/O.lua,conflicts-lua_slow/kong-58345780a23634edc32dec4ae5d28c7a7eee1dec-52e1692e1ba39ae23c83e50d9bed41c7629c0201/A.lua
6217,6217,Infinity,conflicts-lua_slow/kong-58345780a23634edc32dec4ae5d28c7a7eee1dec-52e1692e1ba39ae23c83e50d9bed41c7629c0201/O.lua,conflicts-lua_slow/kong-58345780a23634edc32dec4ae5d28c7a7eee1dec-52e1692e1ba39ae23c83e50d9bed41c7629c0201/B.lua
5001,5744,Infinity,conflicts-lua_slow/kong-5d23147f64dbd4108b439ed8107a252d3a9bd1e3-06295f849760a2db66babe2e908d83fd423e9e91/O.lua,conflicts-lua_slow/kong-5d23147f64dbd4108b439ed8107a252d3a9bd1e3-06295f849760a2db66babe2e908d83fd423e9e91/A.lua
5001,5562,Infinity,conflicts-lua_slow/kong-5d23147f64dbd4108b439ed8107a252d3a9bd1e3-06295f849760a2db66babe2e908d83fd423e9e91/O.lua,conflicts-lua_slow/kong-5d23147f64dbd4108b439ed8107a252d3a9bd1e3-06295f849760a2db66babe2e908d83fd423e9e91/B.lua
6075,6882,Infinity,conflicts-lua_slow/kong-5d23147f64dbd4108b439ed8107a252d3a9bd1e3-2f033afb8296bd1bd2eeb7efc6d6cf3acf81222b/O.lua,conflicts-lua_slow/kong-5d23147f64dbd4108b439ed8107a252d3a9bd1e3-2f033afb8296bd1bd2eeb7efc6d6cf3acf81222b/A.lua
6075,6656,Infinity,conflicts-lua_slow/kong-5d23147f64dbd4108b439ed8107a252d3a9bd1e3-2f033afb8296bd1bd2eeb7efc6d6cf3acf81222b/O.lua,conflicts-lua_slow/kong-5d23147f64dbd4108b439ed8107a252d3a9bd1e3-2f033afb8296bd1bd2eeb7efc6d6cf3acf81222b/B.lua
8269,7258,Infinity,conflicts-lua_slow/kong-5d23147f64dbd4108b439ed8107a252d3a9bd1e3-6190f71ab657c833c08a1b9118e4d826ad004a79/O.lua,conflicts-lua_slow/kong-5d23147f64dbd4108b439ed8107a252d3a9bd1e3-6190f71ab657c833c08a1b9118e4d826ad004a79/A.lua
8269,9250,Infinity,conflicts-lua_slow/kong-5d23147f64dbd4108b439ed8107a252d3a9bd1e3-6190f71ab657c833c08a1b9118e4d826ad004a79/O.lua,conflicts-lua_slow/kong-5d23147f64dbd4108b439ed8107a252d3a9bd1e3-6190f71ab657c833c08a1b9118e4d826ad004a79/B.lua
5054,2395,Infinity,conflicts-lua_slow/kong-5d283c6c130119ee618e94b978ba8d93314ca7c6-4d5aa34a3704d1d72a3f6821b3a1dcbcebc22beb/O.lua,conflicts-lua_slow/kong-5d283c6c130119ee618e94b978ba8d93314ca7c6-4d5aa34a3704d1d72a3f6821b3a1dcbcebc22beb/A.lua
5054,5262,Infinity,conflicts-lua_slow/kong-5d283c6c130119ee618e94b978ba8d93314ca7c6-4d5aa34a3704d1d72a3f6821b3a1dcbcebc22beb/O.lua,conflicts-lua_slow/kong-5d283c6c130119ee618e94b978ba8d93314ca7c6-4d5aa34a3704d1d72a3f6821b3a1dcbcebc22beb/B.lua
12165,12830,Infinity,conflicts-lua_slow/kong-61444ecd9c9b5b366dca3f5e1df71927a4904c57-c79c5a054e02d0376e7aca7850fe3b9d6163a0c2/O.lua,conflicts-lua_slow/kong-61444ecd9c9b5b366dca3f5e1df71927a4904c57-c79c5a054e02d0376e7aca7850fe3b9d6163a0c2/A.lua
12165,12165,Infinity,conflicts-lua_slow/kong-61444ecd9c9b5b366dca3f5e1df71927a4904c57-c79c5a054e02d0376e7aca7850fe3b9d6163a0c2/O.lua,conflicts-lua_slow/kong-61444ecd9c9b5b366dca3f5e1df71927a4904c57-c79c5a054e02d0376e7aca7850fe3b9d6163a0c2/B.lua
75,131,Infinity,conflicts-lua_slow/kong-679d0f793247859e81e120f19229fbf8e8bf9bd7-09099e5d709a925ead6c7a40d85957090d18ed24/O.lua,conflicts-lua_slow/kong-679d0f793247859e81e120f19229fbf8e8bf9bd7-09099e5d709a925ead6c7a40d85957090d18ed24/B.lua
13053,13692,Infinity,conflicts-lua_slow/kong-6a81baf5fc130ee3d9f39c5aee2f067344a9b4ad-58101a40647128343955d2884acbbaf88d5e8874/O.lua,conflicts-lua_slow/kong-6a81baf5fc130ee3d9f39c5aee2f067344a9b4ad-58101a40647128343955d2884acbbaf88d5e8874/A.lua
13053,13100,Infinity,conflicts-lua_slow/kong-6a81baf5fc130ee3d9f39c5aee2f067344a9b4ad-58101a40647128343955d2884acbbaf88d5e8874/O.lua,conflicts-lua_slow/kong-6a81baf5fc130ee3d9f39c5aee2f067344a9b4ad-58101a40647128343955d2884acbbaf88d5e8874/B.lua
5024,6485,Infinity,conflicts-lua_slow/kong-6a81baf5fc130ee3d9f39c5aee2f067344a9b4ad-b42e18ced7d295597840f74365469cddae2a1965/O.lua,conflicts-lua_slow/kong-6a81baf5fc130ee3d9f39c5aee2f067344a9b4ad-b42e18ced7d295597840f74365469cddae2a1965/A.lua
5024,5011,Infinity,conflicts-lua_slow/kong-6a81baf5fc130ee3d9f39c5aee2f067344a9b4ad-b42e18ced7d295597840f74365469cddae2a1965/O.lua,conflicts-lua_slow/kong-6a81baf5fc130ee3d9f39c5aee2f067344a9b4ad-b42e18ced7d295597840f74365469cddae2a1965/B.lua
5517,5475,Infinity,conflicts-lua_slow/kong-70d1b80c078a59084bda829c40bf64d448c9bc13-4c83dae40604a413ece3515f09843c951d214f12/O.lua,conflicts-lua_slow/kong-70d1b80c078a59084bda829c40bf64d448c9bc13-4c83dae40604a413ece3515f09843c951d214f12/B.lua
4209,10800,Infinity,conflicts-lua_slow/kong-74515276e9fae22f1aca1b410c861f7ba5ca8f90-6bc94631f175853e436997f73276c8a5b4d97eaf/O.lua,conflicts-lua_slow/kong-74515276e9fae22f1aca1b410c861f7ba5ca8f90-6bc94631f175853e436997f73276c8a5b4d97eaf/A.lua
4209,12448,Infinity,conflicts-lua_slow/kong-74515276e9fae22f1aca1b410c861f7ba5ca8f90-6bc94631f175853e436997f73276c8a5b4d97eaf/O.lua,conflicts-lua_slow/kong-74515276e9fae22f1aca1b410c861f7ba5ca8f90-6bc94631f175853e436997f73276c8a5b4d97eaf/B.lua
10207,10992,Infinity,conflicts-lua_slow/kong-74515276e9fae22f1aca1b410c861f7ba5ca8f90-b27a17f4dbf1c3c2686904809a6241f105bc832a/O.lua,conflicts-lua_slow/kong-74515276e9fae22f1aca1b410c861f7ba5ca8f90-b27a17f4dbf1c3c2686904809a6241f105bc832a/A.lua
10207,10978,Infinity,conflicts-lua_slow/kong-74515276e9fae22f1aca1b410c861f7ba5ca8f90-b27a17f4dbf1c3c2686904809a6241f105bc832a/O.lua,conflicts-lua_slow/kong-74515276e9fae22f1aca1b410c861f7ba5ca8f90-b27a17f4dbf1c3c2686904809a6241f105bc832a/B.lua
12448,13053,Infinity,conflicts-lua_slow/kong-751489917ddfa19924fe425dbb24a8e399c5b90e-450daa1786d2f5bf780b99e11f6b7b4ae0e361ff/O.lua,conflicts-lua_slow/kong-751489917ddfa19924fe425dbb24a8e399c5b90e-450daa1786d2f5bf780b99e11f6b7b4ae0e361ff/A.lua
12448,13061,Infinity,conflicts-lua_slow/kong-751489917ddfa19924fe425dbb24a8e399c5b90e-450daa1786d2f5bf780b99e11f6b7b4ae0e361ff/O.lua,conflicts-lua_slow/kong-751489917ddfa19924fe425dbb24a8e399c5b90e-450daa1786d2f5bf780b99e11f6b7b4ae0e361ff/B.lua
7003,7602,Infinity,conflicts-lua_slow/kong-751489917ddfa19924fe425dbb24a8e399c5b90e-91e89df4d67d4f163347f37106e1158d8433abf8/O.lua,conflicts-lua_slow/kong-751489917ddfa19924fe425dbb24a8e399c5b90e-91e89df4d67d4f163347f37106e1158d8433abf8/A.lua
7003,8910,Infinity,conflicts-lua_slow/kong-751489917ddfa19924fe425dbb24a8e399c5b90e-91e89df4d67d4f163347f37106e1158d8433abf8/O.lua,conflicts-lua_slow/kong-751489917ddfa19924fe425dbb24a8e399c5b90e-91e89df4d67d4f163347f37106e1158d8433abf8/B.lua
9033,9050,Infinity,conflicts-lua_slow/kong-751489917ddfa19924fe425dbb24a8e399c5b90e-c56528b6af983262c431465f60c937fc10f17dc3/O.lua,conflicts-lua_slow/kong-751489917ddfa19924fe425dbb24a8e399c5b90e-c56528b6af983262c431465f60c937fc10f17dc3/A.lua
9033,9745,Infinity,conflicts-lua_slow/kong-751489917ddfa19924fe425dbb24a8e399c5b90e-c56528b6af983262c431465f60c937fc10f17dc3/O.lua,conflicts-lua_slow/kong-751489917ddfa19924fe425dbb24a8e399c5b90e-c56528b6af983262c431465f60c937fc10f17dc3/B.lua
7287,7290,Infinity,conflicts-lua_slow/kong-751489917ddfa19924fe425dbb24a8e399c5b90e-dc585790eb28648671fd3573f0decd9d40171c8e/O.lua,conflicts-lua_slow/kong-751489917ddfa19924fe425dbb24a8e399c5b90e-dc585790eb28648671fd3573f0decd9d40171c8e/A.lua
7287,7701,Infinity,conflicts-lua_slow/kong-751489917ddfa19924fe425dbb24a8e399c5b90e-dc585790eb28648671fd3573f0decd9d40171c8e/O.lua,conflicts-lua_slow/kong-751489917ddfa19924fe425dbb24a8e399c5b90e-dc585790eb28648671fd3573f0decd9d40171c8e/B.lua
5000,5024,Infinity,conflicts-lua_slow/kong-751489917ddfa19924fe425dbb24a8e399c5b90e-f23a5221889516dd962e5071eb71bf836b7e5340/O.lua,conflicts-lua_slow/kong-751489917ddfa19924fe425dbb24a8e399c5b90e-f23a5221889516dd962e5071eb71bf836b7e5340/A.lua
5000,6461,Infinity,conflicts-lua_slow/kong-751489917ddfa19924fe425dbb24a8e399c5b90e-f23a5221889516dd962e5071eb71bf836b7e5340/O.lua,conflicts-lua_slow/kong-751489917ddfa19924fe425dbb24a8e399c5b90e-f23a5221889516dd962e5071eb71bf836b7e5340/B.lua
12362,12362,Infinity,conflicts-lua_slow/kong-7695d292e9dbe764b1a4205473216969d5c338d4-4b2cc6a43fbe5612e95e6761e775f8f3cccbd1d1/O.lua,conflicts-lua_slow/kong-7695d292e9dbe764b1a4205473216969d5c338d4-4b2cc6a43fbe5612e95e6761e775f8f3cccbd1d1/B.lua
6332,7275,Infinity,conflicts-lua_slow/kong-919d244bd667d76e65cdfc97ad2363adf3bca7c7-da947b029f7edd409a744c88f07e94808f0db9f3/O.lua,conflicts-lua_slow/kong-919d244bd667d76e65cdfc97ad2363adf3bca7c7-da947b029f7edd409a744c88f07e94808f0db9f3/A.lua
6332,6409,Infinity,conflicts-lua_slow/kong-919d244bd667d76e65cdfc97ad2363adf3bca7c7-da947b029f7edd409a744c88f07e94808f0db9f3/O.lua,conflicts-lua_slow/kong-919d244bd667d76e65cdfc97ad2363adf3bca7c7-da947b029f7edd409a744c88f07e94808f0db9f3/B.lua
889,889,Infinity,conflicts-lua_slow/kong-919d244bd667d76e65cdfc97ad2363adf3bca7c7-eed1c0b91a82e6ecdf89d5f31256c0d73433b7ab/O.lua,conflicts-lua_slow/kong-919d244bd667d76e65cdfc97ad2363adf3bca7c7-eed1c0b91a82e6ecdf89d5f31256c0d73433b7ab/B.lua
6252,6376,Infinity,conflicts-lua_slow/kong-a10578a7871b7ddd48111180c7de6554f439f6df-48741a51ca274ca8ee5f5acf205dbf933f16735e/O.lua,conflicts-lua_slow/kong-a10578a7871b7ddd48111180c7de6554f439f6df-48741a51ca274ca8ee5f5acf205dbf933f16735e/A.lua
6252,6478,Infinity,conflicts-lua_slow/kong-a10578a7871b7ddd48111180c7de6554f439f6df-48741a51ca274ca8ee5f5acf205dbf933f16735e/O.lua,conflicts-lua_slow/kong-a10578a7871b7ddd48111180c7de6554f439f6df-48741a51ca274ca8ee5f5acf205dbf933f16735e/B.lua
4890,4952,Infinity,conflicts-lua_slow/kong-a10578a7871b7ddd48111180c7de6554f439f6df-9729637ae81a5910bbf459aaff340b024bcd87ea/O.lua,conflicts-lua_slow/kong-a10578a7871b7ddd48111180c7de6554f439f6df-9729637ae81a5910bbf459aaff340b024bcd87ea/A.lua
4890,5472,Infinity,conflicts-lua_slow/kong-a10578a7871b7ddd48111180c7de6554f439f6df-9729637ae81a5910bbf459aaff340b024bcd87ea/O.lua,conflicts-lua_slow/kong-a10578a7871b7ddd48111180c7de6554f439f6df-9729637ae81a5910bbf459aaff340b024bcd87ea/B.lua
2799,2850,Infinity,conflicts-lua_slow/kong-aa11e657f1331d67ee1465d4b8ca71c202ea6487-5db39e99562ea280182c9857d9c9a84c2c709852/O.lua,conflicts-lua_slow/kong-aa11e657f1331d67ee1465d4b8ca71c202ea6487-5db39e99562ea280182c9857d9c9a84c2c709852/A.lua
5868,5796,Infinity,conflicts-lua_slow/kong-aa11e657f1331d67ee1465d4b8ca71c202ea6487-c76a9ca4ac0dba6976c2c31af04872931f0dd8a2/O.lua,conflicts-lua_slow/kong-aa11e657f1331d67ee1465d4b8ca71c202ea6487-c76a9ca4ac0dba6976c2c31af04872931f0dd8a2/A.lua
5868,5953,Infinity,conflicts-lua_slow/kong-aa11e657f1331d67ee1465d4b8ca71c202ea6487-c76a9ca4ac0dba6976c2c31af04872931f0dd8a2/O.lua,conflicts-lua_slow/kong-aa11e657f1331d67ee1465d4b8ca71c202ea6487-c76a9ca4ac0dba6976c2c31af04872931f0dd8a2/B.lua
1447,1427,Infinity,conflicts-lua_slow/kong-c68a486b8eb7d7bf18fc18930222ffd49455bd4e-8ddd2b265f49d514c12f275854b7a0330b2987b8/O.lua,conflicts-lua_slow/kong-c68a486b8eb7d7bf18fc18930222ffd49455bd4e-8ddd2b265f49d514c12f275854b7a0330b2987b8/A.lua
1755,1778,Infinity,conflicts-lua_slow/kong-c68a486b8eb7d7bf18fc18930222ffd49455bd4e-ce4eccb39ef0c23c95c41c49f457eeae233c862d/O.lua,conflicts-lua_slow/kong-c68a486b8eb7d7bf18fc18930222ffd49455bd4e-ce4eccb39ef0c23c95c41c49f457eeae233c862d/A.lua
252,473,Infinity,conflicts-lua_slow/koreader-02dd9b023f2a87ab90e49022c4372a17f54c55f7-12dbf524d3db4c7013949d6934be0de11e844d9d/O.lua,conflicts-lua_slow/koreader-02dd9b023f2a87ab90e49022c4372a17f54c55f7-12dbf524d3db4c7013949d6934be0de11e844d9d/A.lua
10874,10736,Infinity,conflicts-lua_slow/luakit-00c0ff6993140aee8698af12a0e95ef6b993a780-35bfff55d3ff35fca88474ed1750efbc6baa3e5c/O.lua,conflicts-lua_slow/luakit-00c0ff6993140aee8698af12a0e95ef6b993a780-35bfff55d3ff35fca88474ed1750efbc6baa3e5c/A.lua
10874,10394,Infinity,conflicts-lua_slow/luakit-00c0ff6993140aee8698af12a0e95ef6b993a780-35bfff55d3ff35fca88474ed1750efbc6baa3e5c/O.lua,conflicts-lua_slow/luakit-00c0ff6993140aee8698af12a0e95ef6b993a780-35bfff55d3ff35fca88474ed1750efbc6baa3e5c/B.lua
7445,7451,Infinity,conflicts-lua_slow/luakit-00c0ff6993140aee8698af12a0e95ef6b993a780-c8eaa6fac538e651442816b993e4690a52849b7d/O.lua,conflicts-lua_slow/luakit-00c0ff6993140aee8698af12a0e95ef6b993a780-c8eaa6fac538e651442816b993e4690a52849b7d/A.lua
7445,7421,Infinity,conflicts-lua_slow/luakit-00c0ff6993140aee8698af12a0e95ef6b993a780-c8eaa6fac538e651442816b993e4690a52849b7d/O.lua,conflicts-lua_slow/luakit-00c0ff6993140aee8698af12a0e95ef6b993a780-c8eaa6fac538e651442816b993e4690a52849b7d/B.lua
1232,1243,Infinity,conflicts-lua_slow/luakit-279510c62ca2d548255b130a094eab31ae4c4b9a-e3c21617ec60985504d37f4bb539b4de081cb35f/O.lua,conflicts-lua_slow/luakit-279510c62ca2d548255b130a094eab31ae4c4b9a-e3c21617ec60985504d37f4bb539b4de081cb35f/A.lua
7152,7158,Infinity,conflicts-lua_slow/luakit-45c31c422f6db0cacd33b6aaba423deb7722082f-f6863d217c44bb487e5237353b524aecdaba76e1/O.lua,conflicts-lua_slow/luakit-45c31c422f6db0cacd33b6aaba423deb7722082f-f6863d217c44bb487e5237353b524aecdaba76e1/A.lua
7152,7330,Infinity,conflicts-lua_slow/luakit-45c31c422f6db0cacd33b6aaba423deb7722082f-f6863d217c44bb487e5237353b524aecdaba76e1/O.lua,conflicts-lua_slow/luakit-45c31c422f6db0cacd33b6aaba423deb7722082f-f6863d217c44bb487e5237353b524aecdaba76e1/B.lua
12014,12736,Infinity,conflicts-lua_slow/luakit-546bd1132439d467936e730e1c02c2e99805524b-394a2c061a24122873a43d6d82575bd6d73c00e6/O.lua,conflicts-lua_slow/luakit-546bd1132439d467936e730e1c02c2e99805524b-394a2c061a24122873a43d6d82575bd6d73c00e6/A.lua
12014,11734,Infinity,conflicts-lua_slow/luakit-546bd1132439d467936e730e1c02c2e99805524b-394a2c061a24122873a43d6d82575bd6d73c00e6/O.lua,conflicts-lua_slow/luakit-546bd1132439d467936e730e1c02c2e99805524b-394a2c061a24122873a43d6d82575bd6d73c00e6/B.lua
171,178,Infinity,conflicts-lua_slow/luakit-664f5e82526aa9fb9b4fcc6738501caf556447aa-26612aebfb4e246896d2bc0e75f44c76da5d0ee6/O.lua,conflicts-lua_slow/luakit-664f5e82526aa9fb9b4fcc6738501caf556447aa-26612aebfb4e246896d2bc0e75f44c76da5d0ee6/B.lua
3221,3111,Infinity,conflicts-lua_slow/luakit-664f5e82526aa9fb9b4fcc6738501caf556447aa-e52dfb63413773a370dad3ba7bc474160cc416dc/O.lua,conflicts-lua_slow/luakit-664f5e82526aa9fb9b4fcc6738501caf556447aa-e52dfb63413773a370dad3ba7bc474160cc416dc/A.lua
7170,6834,Infinity,conflicts-lua_slow/luakit-76458f1c72184debad5969c3d822bf8317d76064-7d117d6c90c366b882cd322c2d1dcad994b5c98c/O.lua,conflicts-lua_slow/luakit-76458f1c72184debad5969c3d822bf8317d76064-7d117d6c90c366b882cd322c2d1dcad994b5c98c/A.lua
7170,7196,Infinity,conflicts-lua_slow/luakit-76458f1c72184debad5969c3d822bf8317d76064-7d117d6c90c366b882cd322c2d1dcad994b5c98c/O.lua,conflicts-lua_slow/luakit-76458f1c72184debad5969c3d822bf8317d76064-7d117d6c90c366b882cd322c2d1dcad994b5c98c/B.lua
6071,6199,Infinity,conflicts-lua_slow/luakit-7d1ed929e073a3bab51968f423d25cf70da0bb82-4d4deee3d83f445215260bdb9ba3c6fb303a126a/O.lua,conflicts-lua_slow/luakit-7d1ed929e073a3bab51968f423d25cf70da0bb82-4d4deee3d83f445215260bdb9ba3c6fb303a126a/A.lua
6071,6092,Infinity,conflicts-lua_slow/luakit-7d1ed929e073a3bab51968f423d25cf70da0bb82-4d4deee3d83f445215260bdb9ba3c6fb303a126a/O.lua,conflicts-lua_slow/luakit-7d1ed929e073a3bab51968f423d25cf70da0bb82-4d4deee3d83f445215260bdb9ba3c6fb303a126a/B.lua
12014,12756,Infinity,conflicts-lua_slow/luakit-b7cb727ba38dd2f081df3494c4767030c91324f0-394a2c061a24122873a43d6d82575bd6d73c00e6/O.lua,conflicts-lua_slow/luakit-b7cb727ba38dd2f081df3494c4767030c91324f0-394a2c061a24122873a43d6d82575bd6d73c00e6/A.lua
12014,11734,Infinity,conflicts-lua_slow/luakit-b7cb727ba38dd2f081df3494c4767030c91324f0-394a2c061a24122873a43d6d82575bd6d73c00e6/O.lua,conflicts-lua_slow/luakit-b7cb727ba38dd2f081df3494c4767030c91324f0-394a2c061a24122873a43d6d82575bd6d73c00e6/B.lua
8422,8413,Infinity,conflicts-lua_slow/luakit-b9f4623798b43451707c4c5133a5f7a12490f156-c2409c945f30aecbc23fac04519c2449c7e66036/O.lua,conflicts-lua_slow/luakit-b9f4623798b43451707c4c5133a5f7a12490f156-c2409c945f30aecbc23fac04519c2449c7e66036/A.lua
8422,8940,Infinity,conflicts-lua_slow/luakit-b9f4623798b43451707c4c5133a5f7a12490f156-c2409c945f30aecbc23fac04519c2449c7e66036/O.lua,conflicts-lua_slow/luakit-b9f4623798b43451707c4c5133a5f7a12490f156-c2409c945f30aecbc23fac04519c2449c7e66036/B.lua
246,345,Infinity,conflicts-lua_slow/luakit-b9f4623798b43451707c4c5133a5f7a12490f156-fae86de0c2850ce77346e32f769bf05dc29c5f95/O.lua,conflicts-lua_slow/luakit-b9f4623798b43451707c4c5133a5f7a12490f156-fae86de0c2850ce77346e32f769bf05dc29c5f95/B.lua
8573,8564,Infinity,conflicts-lua_slow/luakit-c633e82960f72377d1f3b5435c4d76da1df59822-5ca4128b56f8d15c1a2a5624eac2a55bef46bdf1/O.lua,conflicts-lua_slow/luakit-c633e82960f72377d1f3b5435c4d76da1df59822-5ca4128b56f8d15c1a2a5624eac2a55bef46bdf1/A.lua
8573,9588,Infinity,conflicts-lua_slow/luakit-c633e82960f72377d1f3b5435c4d76da1df59822-5ca4128b56f8d15c1a2a5624eac2a55bef46bdf1/O.lua,conflicts-lua_slow/luakit-c633e82960f72377d1f3b5435c4d76da1df59822-5ca4128b56f8d15c1a2a5624eac2a55bef46bdf1/B.lua
11734,11945,Infinity,conflicts-lua_slow/luakit-de2f32667765cf343860803746aa2fbd7deba597-7657a7f3bb51512eaba8e134c99525689bdf20fe/O.lua,conflicts-lua_slow/luakit-de2f32667765cf343860803746aa2fbd7deba597-7657a7f3bb51512eaba8e134c99525689bdf20fe/A.lua
11734,6535,Infinity,conflicts-lua_slow/luakit-de2f32667765cf343860803746aa2fbd7deba597-7657a7f3bb51512eaba8e134c99525689bdf20fe/O.lua,conflicts-lua_slow/luakit-de2f32667765cf343860803746aa2fbd7deba597-7657a7f3bb51512eaba8e134c99525689bdf20fe/B.lua
7418,7424,Infinity,conflicts-lua_slow/luakit-e5282f17aae78863aae966f77ef766b288f70087-8ab9cb349c4fb5e795166b6b69074b35ba12ddf8/O.lua,conflicts-lua_slow/luakit-e5282f17aae78863aae966f77ef766b288f70087-8ab9cb349c4fb5e795166b6b69074b35ba12ddf8/A.lua
7418,7445,Infinity,conflicts-lua_slow/luakit-e5282f17aae78863aae966f77ef766b288f70087-8ab9cb349c4fb5e795166b6b69074b35ba12ddf8/O.lua,conflicts-lua_slow/luakit-e5282f17aae78863aae966f77ef766b288f70087-8ab9cb349c4fb5e795166b6b69074b35ba12ddf8/B.lua
6199,6199,Infinity,conflicts-lua_slow/luakit-e6e093565161118ad6eb3a152b76c63c73d0b169-d3b00b6ad6db1091646b646d4528f8c7ad7f16c0/O.lua,conflicts-lua_slow/luakit-e6e093565161118ad6eb3a152b76c63c73d0b169-d3b00b6ad6db1091646b646d4528f8c7ad7f16c0/A.lua
6199,6220,Infinity,conflicts-lua_slow/luakit-e6e093565161118ad6eb3a152b76c63c73d0b169-d3b00b6ad6db1091646b646d4528f8c7ad7f16c0/O.lua,conflicts-lua_slow/luakit-e6e093565161118ad6eb3a152b76c63c73d0b169-d3b00b6ad6db1091646b646d4528f8c7ad7f16c0/B.lua
7089,6753,Infinity,conflicts-lua_slow/luakit-f47d9437a9f3f3d333bd39fd91bc6bef720b6fa3-af8ad582dc64dda150bb5535558ad9ff07cb74e7/O.lua,conflicts-lua_slow/luakit-f47d9437a9f3f3d333bd39fd91bc6bef720b6fa3-af8ad582dc64dda150bb5535558ad9ff07cb74e7/A.lua
7089,7170,Infinity,conflicts-lua_slow/luakit-f47d9437a9f3f3d333bd39fd91bc6bef720b6fa3-af8ad582dc64dda150bb5535558ad9ff07cb74e7/O.lua,conflicts-lua_slow/luakit-f47d9437a9f3f3d333bd39fd91bc6bef720b6fa3-af8ad582dc64dda150bb5535558ad9ff07cb74e7/B.lua
5926,5926,Infinity,conflicts-lua_slow/luarocks-075196e8b5d315888a8ae110fa9a18089044ae3b-13e548f9152287b165efbb0c3367024968187142/O.lua,conflicts-lua_slow/luarocks-075196e8b5d315888a8ae110fa9a18089044ae3b-13e548f9152287b165efbb0c3367024968187142/A.lua
5926,7276,Infinity,conflicts-lua_slow/luarocks-075196e8b5d315888a8ae110fa9a18089044ae3b-13e548f9152287b165efbb0c3367024968187142/O.lua,conflicts-lua_slow/luarocks-075196e8b5d315888a8ae110fa9a18089044ae3b-13e548f9152287b165efbb0c3367024968187142/B.lua
4953,5351,Infinity,conflicts-lua_slow/luarocks-25b934ef93bd2bf434c268db8e2a099bfa4e0a2e-f2784a3ab1286b9d640bcd2c93c7764ba299afd6/O.lua,conflicts-lua_slow/luarocks-25b934ef93bd2bf434c268db8e2a099bfa4e0a2e-f2784a3ab1286b9d640bcd2c93c7764ba299afd6/A.lua
4953,4898,Infinity,conflicts-lua_slow/luarocks-25b934ef93bd2bf434c268db8e2a099bfa4e0a2e-f2784a3ab1286b9d640bcd2c93c7764ba299afd6/O.lua,conflicts-lua_slow/luarocks-25b934ef93bd2bf434c268db8e2a099bfa4e0a2e-f2784a3ab1286b9d640bcd2c93c7764ba299afd6/B.lua
7738,7635,Infinity,conflicts-lua_slow/luarocks-27be765c4a846c0d4e970e154b29cbab1a833738-756ba6bd336ab0870b440e8954670ce13895a053/O.lua,conflicts-lua_slow/luarocks-27be765c4a846c0d4e970e154b29cbab1a833738-756ba6bd336ab0870b440e8954670ce13895a053/A.lua
7738,6118,Infinity,conflicts-lua_slow/luarocks-27be765c4a846c0d4e970e154b29cbab1a833738-756ba6bd336ab0870b440e8954670ce13895a053/O.lua,conflicts-lua_slow/luarocks-27be765c4a846c0d4e970e154b29cbab1a833738-756ba6bd336ab0870b440e8954670ce13895a053/B.lua
6438,2316,Infinity,conflicts-lua_slow/luarocks-5137884ef5ec78d1922a85691eefea48d6391c76-1b75452b65c063c57c4cc0a980771a2309a010ae/O.lua,conflicts-lua_slow/luarocks-5137884ef5ec78d1922a85691eefea48d6391c76-1b75452b65c063c57c4cc0a980771a2309a010ae/A.lua
6438,6409,Infinity,conflicts-lua_slow/luarocks-5137884ef5ec78d1922a85691eefea48d6391c76-1b75452b65c063c57c4cc0a980771a2309a010ae/O.lua,conflicts-lua_slow/luarocks-5137884ef5ec78d1922a85691eefea48d6391c76-1b75452b65c063c57c4cc0a980771a2309a010ae/B.lua
7722,7843,Infinity,conflicts-lua_slow/luarocks-53788ea4054cc619d610bf19d948e1a16325b89c-eb01075c9dfb1c0e059d857cb35aa6ccce688b14/O.lua,conflicts-lua_slow/luarocks-53788ea4054cc619d610bf19d948e1a16325b89c-eb01075c9dfb1c0e059d857cb35aa6ccce688b14/A.lua
7722,7774,Infinity,conflicts-lua_slow/luarocks-53788ea4054cc619d610bf19d948e1a16325b89c-eb01075c9dfb1c0e059d857cb35aa6ccce688b14/O.lua,conflicts-lua_slow/luarocks-53788ea4054cc619d610bf19d948e1a16325b89c-eb01075c9dfb1c0e059d857cb35aa6ccce688b14/B.lua
6948,7107,Infinity,conflicts-lua_slow/luarocks-6ca144cee96ef45d6a203455b236e4077dd37a03-8321e9b9d21fb7e5009c27ee9583be1e01513c83/O.lua,conflicts-lua_slow/luarocks-6ca144cee96ef45d6a203455b236e4077dd37a03-8321e9b9d21fb7e5009c27ee9583be1e01513c83/A.lua
6948,7107,Infinity,conflicts-lua_slow/luarocks-6ca144cee96ef45d6a203455b236e4077dd37a03-8321e9b9d21fb7e5009c27ee9583be1e01513c83/O.lua,conflicts-lua_slow/luarocks-6ca144cee96ef45d6a203455b236e4077dd37a03-8321e9b9d21fb7e5009c27ee9583be1e01513c83/B.lua
7783,7904,Infinity,conflicts-lua_slow/luarocks-9fa380490931813a153b1cb079c2b3c21092bacf-812e6d188a0fdb57eac9d11a3ca28e5ca002ab32/O.lua,conflicts-lua_slow/luarocks-9fa380490931813a153b1cb079c2b3c21092bacf-812e6d188a0fdb57eac9d11a3ca28e5ca002ab32/A.lua
7783,7751,Infinity,conflicts-lua_slow/luarocks-9fa380490931813a153b1cb079c2b3c21092bacf-812e6d188a0fdb57eac9d11a3ca28e5ca002ab32/O.lua,conflicts-lua_slow/luarocks-9fa380490931813a153b1cb079c2b3c21092bacf-812e6d188a0fdb57eac9d11a3ca28e5ca002ab32/B.lua
7738,6118,Infinity,conflicts-lua_slow/luarocks-a7c10e670c2f682962e28984a43916f40b302b2b-756ba6bd336ab0870b440e8954670ce13895a053/O.lua,conflicts-lua_slow/luarocks-a7c10e670c2f682962e28984a43916f40b302b2b-756ba6bd336ab0870b440e8954670ce13895a053/A.lua
7738,7635,Infinity,conflicts-lua_slow/luarocks-a7c10e670c2f682962e28984a43916f40b302b2b-756ba6bd336ab0870b440e8954670ce13895a053/O.lua,conflicts-lua_slow/luarocks-a7c10e670c2f682962e28984a43916f40b302b2b-756ba6bd336ab0870b440e8954670ce13895a053/B.lua
7311,7514,Infinity,conflicts-lua_slow/luarocks-c2d4f3f467f5220ccb45f1f7da4e170af31c869c-e41b632ccb7930ba391653fc15cac5d91d5a25e8/O.lua,conflicts-lua_slow/luarocks-c2d4f3f467f5220ccb45f1f7da4e170af31c869c-e41b632ccb7930ba391653fc15cac5d91d5a25e8/A.lua
7311,7359,Infinity,conflicts-lua_slow/luarocks-c2d4f3f467f5220ccb45f1f7da4e170af31c869c-e41b632ccb7930ba391653fc15cac5d91d5a25e8/O.lua,conflicts-lua_slow/luarocks-c2d4f3f467f5220ccb45f1f7da4e170af31c869c-e41b632ccb7930ba391653fc15cac5d91d5a25e8/B.lua
29915,30498,Infinity,conflicts-lua_slow/nn-aa60b6e2be23beb899b3eca28c762793afea52a6-58a9bd7fc95cce3e5be89bec11943b40614b1508/O.lua,conflicts-lua_slow/nn-aa60b6e2be23beb899b3eca28c762793afea52a6-58a9bd7fc95cce3e5be89bec11943b40614b1508/A.lua
29915,30184,Infinity,conflicts-lua_slow/nn-aa60b6e2be23beb899b3eca28c762793afea52a6-58a9bd7fc95cce3e5be89bec11943b40614b1508/O.lua,conflicts-lua_slow/nn-aa60b6e2be23beb899b3eca28c762793afea52a6-58a9bd7fc95cce3e5be89bec11943b40614b1508/B.lua
12756,14002,Infinity,conflicts-lua_slow/rnn-3476ee8cf9028dc33cd1f798e8dfc4a0021e7482-3b71ddae40b1b09fae05eb7c1fc6bc9e86d0c285/O.lua,conflicts-lua_slow/rnn-3476ee8cf9028dc33cd1f798e8dfc4a0021e7482-3b71ddae40b1b09fae05eb7c1fc6bc9e86d0c285/A.lua
12756,21506,Infinity,conflicts-lua_slow/rnn-3476ee8cf9028dc33cd1f798e8dfc4a0021e7482-3b71ddae40b1b09fae05eb7c1fc6bc9e86d0c285/O.lua,conflicts-lua_slow/rnn-3476ee8cf9028dc33cd1f798e8dfc4a0021e7482-3b71ddae40b1b09fae05eb7c1fc6bc9e86d0c285/B.lua
73500,74686,Infinity,conflicts-lua_slow/rnn-c88c21a004c00a6bcc57a4886f47f782cf13e6a9-54286ddc167b0435a527d398667796b806beb7d7/O.lua,conflicts-lua_slow/rnn-c88c21a004c00a6bcc57a4886f47f782cf13e6a9-54286ddc167b0435a527d398667796b806beb7d7/A.lua
73500,75066,Infinity,conflicts-lua_slow/rnn-c88c21a004c00a6bcc57a4886f47f782cf13e6a9-54286ddc167b0435a527d398667796b806beb7d7/O.lua,conflicts-lua_slow/rnn-c88c21a004c00a6bcc57a4886f47f782cf13e6a9-54286ddc167b0435a527d398667796b806beb7d7/B.lua
10826,11501,Infinity,conflicts-lua_slow/snabb-03daccbce6be59b8821b8699cf35df5a6b61d23a-7b1e596b2d08594420368a1eb4b31e7b8bf75706/O.lua,conflicts-lua_slow/snabb-03daccbce6be59b8821b8699cf35df5a6b61d23a-7b1e596b2d08594420368a1eb4b31e7b8bf75706/A.lua
10826,18472,Infinity,conflicts-lua_slow/snabb-03daccbce6be59b8821b8699cf35df5a6b61d23a-7b1e596b2d08594420368a1eb4b31e7b8bf75706/O.lua,conflicts-lua_slow/snabb-03daccbce6be59b8821b8699cf35df5a6b61d23a-7b1e596b2d08594420368a1eb4b31e7b8bf75706/B.lua
16957,17017,Infinity,conflicts-lua_slow/snabb-03daccbce6be59b8821b8699cf35df5a6b61d23a-ebeb2babcff2c8930453c232a47579a0255d1c18/O.lua,conflicts-lua_slow/snabb-03daccbce6be59b8821b8699cf35df5a6b61d23a-ebeb2babcff2c8930453c232a47579a0255d1c18/A.lua
16957,19187,Infinity,conflicts-lua_slow/snabb-03daccbce6be59b8821b8699cf35df5a6b61d23a-ebeb2babcff2c8930453c232a47579a0255d1c18/O.lua,conflicts-lua_slow/snabb-03daccbce6be59b8821b8699cf35df5a6b61d23a-ebeb2babcff2c8930453c232a47579a0255d1c18/B.lua
7005,7626,Infinity,conflicts-lua_slow/snabb-1350350fb304e8c9710ad3f9bdd5a392ac5983c5-50f05d991afb9ab109648622a309b0c7b7c281a3/O.lua,conflicts-lua_slow/snabb-1350350fb304e8c9710ad3f9bdd5a392ac5983c5-50f05d991afb9ab109648622a309b0c7b7c281a3/A.lua
7005,8230,Infinity,conflicts-lua_slow/snabb-1350350fb304e8c9710ad3f9bdd5a392ac5983c5-50f05d991afb9ab109648622a309b0c7b7c281a3/O.lua,conflicts-lua_slow/snabb-1350350fb304e8c9710ad3f9bdd5a392ac5983c5-50f05d991afb9ab109648622a309b0c7b7c281a3/B.lua
6791,7197,Infinity,conflicts-lua_slow/snabb-1350350fb304e8c9710ad3f9bdd5a392ac5983c5-bc7cdc6c9d901dc32f7a41586c136c76c387f636/O.lua,conflicts-lua_slow/snabb-1350350fb304e8c9710ad3f9bdd5a392ac5983c5-bc7cdc6c9d901dc32f7a41586c136c76c387f636/A.lua
6791,6791,Infinity,conflicts-lua_slow/snabb-1350350fb304e8c9710ad3f9bdd5a392ac5983c5-bc7cdc6c9d901dc32f7a41586c136c76c387f636/O.lua,conflicts-lua_slow/snabb-1350350fb304e8c9710ad3f9bdd5a392ac5983c5-bc7cdc6c9d901dc32f7a41586c136c76c387f636/B.lua
7696,7685,Infinity,conflicts-lua_slow/snabb-14e0f5ad8baf627f23fb15856710b206c7e3fa7f-13b79db08448094e39a192bc8ac643c800805f3b/O.lua,conflicts-lua_slow/snabb-14e0f5ad8baf627f23fb15856710b206c7e3fa7f-13b79db08448094e39a192bc8ac643c800805f3b/A.lua
7696,7696,Infinity,conflicts-lua_slow/snabb-14e0f5ad8baf627f23fb15856710b206c7e3fa7f-13b79db08448094e39a192bc8ac643c800805f3b/O.lua,conflicts-lua_slow/snabb-14e0f5ad8baf627f23fb15856710b206c7e3fa7f-13b79db08448094e39a192bc8ac643c800805f3b/B.lua
8702,8816,Infinity,conflicts-lua_slow/snabb-14e0f5ad8baf627f23fb15856710b206c7e3fa7f-6a77f9280ba36be5f530b600c093297556c6b1bb/O.lua,conflicts-lua_slow/snabb-14e0f5ad8baf627f23fb15856710b206c7e3fa7f-6a77f9280ba36be5f530b600c093297556c6b1bb/A.lua
8702,8702,Infinity,conflicts-lua_slow/snabb-14e0f5ad8baf627f23fb15856710b206c7e3fa7f-6a77f9280ba36be5f530b600c093297556c6b1bb/O.lua,conflicts-lua_slow/snabb-14e0f5ad8baf627f23fb15856710b206c7e3fa7f-6a77f9280ba36be5f530b600c093297556c6b1bb/B.lua
7696,7685,Infinity,conflicts-lua_slow/snabb-1fa97bef1fb93a42ba7452eeb23dd37bc2bd1d91-25bd604259f5e3515df7b266488518224878f9f6/O.lua,conflicts-lua_slow/snabb-1fa97bef1fb93a42ba7452eeb23dd37bc2bd1d91-25bd604259f5e3515df7b266488518224878f9f6/A.lua
7696,7696,Infinity,conflicts-lua_slow/snabb-1fa97bef1fb93a42ba7452eeb23dd37bc2bd1d91-25bd604259f5e3515df7b266488518224878f9f6/O.lua,conflicts-lua_slow/snabb-1fa97bef1fb93a42ba7452eeb23dd37bc2bd1d91-25bd604259f5e3515df7b266488518224878f9f6/B.lua
8720,8834,Infinity,conflicts-lua_slow/snabb-1fa97bef1fb93a42ba7452eeb23dd37bc2bd1d91-70a59280e1cb3ec24ec08ef489137b10b717333f/O.lua,conflicts-lua_slow/snabb-1fa97bef1fb93a42ba7452eeb23dd37bc2bd1d91-70a59280e1cb3ec24ec08ef489137b10b717333f/A.lua
8720,8720,Infinity,conflicts-lua_slow/snabb-1fa97bef1fb93a42ba7452eeb23dd37bc2bd1d91-70a59280e1cb3ec24ec08ef489137b10b717333f/O.lua,conflicts-lua_slow/snabb-1fa97bef1fb93a42ba7452eeb23dd37bc2bd1d91-70a59280e1cb3ec24ec08ef489137b10b717333f/B.lua
6514,7194,Infinity,conflicts-lua_slow/snabb-30fcbcb71734cf173a9ab7ec38d6eecf2a7ccf5a-cf492a593f87a45d573eb59b26818839ae46a1c4/O.lua,conflicts-lua_slow/snabb-30fcbcb71734cf173a9ab7ec38d6eecf2a7ccf5a-cf492a593f87a45d573eb59b26818839ae46a1c4/A.lua
6514,6551,Infinity,conflicts-lua_slow/snabb-30fcbcb71734cf173a9ab7ec38d6eecf2a7ccf5a-cf492a593f87a45d573eb59b26818839ae46a1c4/O.lua,conflicts-lua_slow/snabb-30fcbcb71734cf173a9ab7ec38d6eecf2a7ccf5a-cf492a593f87a45d573eb59b26818839ae46a1c4/B.lua
7038,6466,Infinity,conflicts-lua_slow/snabb-33b3401383b0eff4b50af1bc9f0d79687328004d-59f072ed92ddfceae7603b8fbbde0d9db5512306/O.lua,conflicts-lua_slow/snabb-33b3401383b0eff4b50af1bc9f0d79687328004d-59f072ed92ddfceae7603b8fbbde0d9db5512306/A.lua
7038,7734,Infinity,conflicts-lua_slow/snabb-33b3401383b0eff4b50af1bc9f0d79687328004d-59f072ed92ddfceae7603b8fbbde0d9db5512306/O.lua,conflicts-lua_slow/snabb-33b3401383b0eff4b50af1bc9f0d79687328004d-59f072ed92ddfceae7603b8fbbde0d9db5512306/B.lua
8733,8933,Infinity,conflicts-lua_slow/snabb-37b377dedf000cb78730feff1035d439d04ce09e-ec5f82761da2644599e02b5d7d050705f44fc84e/O.lua,conflicts-lua_slow/snabb-37b377dedf000cb78730feff1035d439d04ce09e-ec5f82761da2644599e02b5d7d050705f44fc84e/A.lua
8733,8711,Infinity,conflicts-lua_slow/snabb-37b377dedf000cb78730feff1035d439d04ce09e-ec5f82761da2644599e02b5d7d050705f44fc84e/O.lua,conflicts-lua_slow/snabb-37b377dedf000cb78730feff1035d439d04ce09e-ec5f82761da2644599e02b5d7d050705f44fc84e/B.lua
7614,10700,Infinity,conflicts-lua_slow/snabb-39dad11b393b775c4602a3503f5522785d871734-7a9563849cbb10c4a5c423f20594fdb1a58903b7/O.lua,conflicts-lua_slow/snabb-39dad11b393b775c4602a3503f5522785d871734-7a9563849cbb10c4a5c423f20594fdb1a58903b7/A.lua
7614,7651,Infinity,conflicts-lua_slow/snabb-39dad11b393b775c4602a3503f5522785d871734-7a9563849cbb10c4a5c423f20594fdb1a58903b7/O.lua,conflicts-lua_slow/snabb-39dad11b393b775c4602a3503f5522785d871734-7a9563849cbb10c4a5c423f20594fdb1a58903b7/B.lua
8230,8861,Infinity,conflicts-lua_slow/snabb-3bb7c9e9116a0c959f7ce6c927f6181912e6b0e7-f2f24d4b266b77e04a565191c7ad9d6475659218/O.lua,conflicts-lua_slow/snabb-3bb7c9e9116a0c959f7ce6c927f6181912e6b0e7-f2f24d4b266b77e04a565191c7ad9d6475659218/A.lua
8230,8471,Infinity,conflicts-lua_slow/snabb-3bb7c9e9116a0c959f7ce6c927f6181912e6b0e7-f2f24d4b266b77e04a565191c7ad9d6475659218/O.lua,conflicts-lua_slow/snabb-3bb7c9e9116a0c959f7ce6c927f6181912e6b0e7-f2f24d4b266b77e04a565191c7ad9d6475659218/B.lua
309,309,Infinity,conflicts-lua_slow/snabb-48eb1b24eb03196115a638b82b5a113eaf99da41-5ba18ced8b7e2337ce51ba6e59da74ff7b656aae/O.lua,conflicts-lua_slow/snabb-48eb1b24eb03196115a638b82b5a113eaf99da41-5ba18ced8b7e2337ce51ba6e59da74ff7b656aae/B.lua
2303,2303,Infinity,conflicts-lua_slow/snabb-4df66d042f207f9f02aaa2a4f4ee4b497c14c1aa-a703b0add9e15079471c7a71c1bf2925356fd08a/O.lua,conflicts-lua_slow/snabb-4df66d042f207f9f02aaa2a4f4ee4b497c14c1aa-a703b0add9e15079471c7a71c1bf2925356fd08a/B.lua
4888,5152,Infinity,conflicts-lua_slow/snabb-54d87959beb8a60731cea7e2605705bb91d857d6-66bd0bf220d5a69c2ea21b997a875f252862b056/O.lua,conflicts-lua_slow/snabb-54d87959beb8a60731cea7e2605705bb91d857d6-66bd0bf220d5a69c2ea21b997a875f252862b056/A.lua
4888,4855,Infinity,conflicts-lua_slow/snabb-54d87959beb8a60731cea7e2605705bb91d857d6-66bd0bf220d5a69c2ea21b997a875f252862b056/O.lua,conflicts-lua_slow/snabb-54d87959beb8a60731cea7e2605705bb91d857d6-66bd0bf220d5a69c2ea21b997a875f252862b056/B.lua
2303,2283,Infinity,conflicts-lua_slow/snabb-5f9ac41ef062c8a362803a7bc93fc5d95fc1f547-f7c5369526f4fea1830f679f2293a96ae72df724/O.lua,conflicts-lua_slow/snabb-5f9ac41ef062c8a362803a7bc93fc5d95fc1f547-f7c5369526f4fea1830f679f2293a96ae72df724/A.lua
7525,7643,Infinity,conflicts-lua_slow/snabb-6dab83e5611e6f244e13c870e8839dd0e4e404bb-48dd37d95cd8ea337692e5d9e901cd01aca5409a/O.lua,conflicts-lua_slow/snabb-6dab83e5611e6f244e13c870e8839dd0e4e404bb-48dd37d95cd8ea337692e5d9e901cd01aca5409a/B.lua
3501,3514,Infinity,conflicts-lua_slow/snabb-6dab83e5611e6f244e13c870e8839dd0e4e404bb-deddf1f9d5fef773411302446a1af8953f2aadbb/O.lua,conflicts-lua_slow/snabb-6dab83e5611e6f244e13c870e8839dd0e4e404bb-deddf1f9d5fef773411302446a1af8953f2aadbb/B.lua
2438,2451,Infinity,conflicts-lua_slow/snabb-6dab83e5611e6f244e13c870e8839dd0e4e404bb-e26d4f2f0989d5b8e2cb44e9c88d0e3e373d6d13/O.lua,conflicts-lua_slow/snabb-6dab83e5611e6f244e13c870e8839dd0e4e404bb-e26d4f2f0989d5b8e2cb44e9c88d0e3e373d6d13/B.lua
6630,6788,Infinity,conflicts-lua_slow/snabb-6fafe074757f8a7f96d5a11150bcfadd143e2eb8-be5caa4a780fd5eed57647df74645f267b59bcdc/O.lua,conflicts-lua_slow/snabb-6fafe074757f8a7f96d5a11150bcfadd143e2eb8-be5caa4a780fd5eed57647df74645f267b59bcdc/A.lua
6630,6465,Infinity,conflicts-lua_slow/snabb-6fafe074757f8a7f96d5a11150bcfadd143e2eb8-be5caa4a780fd5eed57647df74645f267b59bcdc/O.lua,conflicts-lua_slow/snabb-6fafe074757f8a7f96d5a11150bcfadd143e2eb8-be5caa4a780fd5eed57647df74645f267b59bcdc/B.lua
7112,7453,Infinity,conflicts-lua_slow/snabb-7323d374f60395d1970460165e777ee3805abbc3-e1a105dd0f1e156b19ed60734ea80d18394c998a/O.lua,conflicts-lua_slow/snabb-7323d374f60395d1970460165e777ee3805abbc3-e1a105dd0f1e156b19ed60734ea80d18394c998a/A.lua
7112,7214,Infinity,conflicts-lua_slow/snabb-7323d374f60395d1970460165e777ee3805abbc3-e1a105dd0f1e156b19ed60734ea80d18394c998a/O.lua,conflicts-lua_slow/snabb-7323d374f60395d1970460165e777ee3805abbc3-e1a105dd0f1e156b19ed60734ea80d18394c998a/B.lua
6396,7862,Infinity,conflicts-lua_slow/snabb-7614744b3029f334a7c4b56c7f41c7176c0da147-b167b59570bc3c5cb80b4eda499c61cc7def8c65/O.lua,conflicts-lua_slow/snabb-7614744b3029f334a7c4b56c7f41c7176c0da147-b167b59570bc3c5cb80b4eda499c61cc7def8c65/A.lua
6396,9266,Infinity,conflicts-lua_slow/snabb-7614744b3029f334a7c4b56c7f41c7176c0da147-b167b59570bc3c5cb80b4eda499c61cc7def8c65/O.lua,conflicts-lua_slow/snabb-7614744b3029f334a7c4b56c7f41c7176c0da147-b167b59570bc3c5cb80b4eda499c61cc7def8c65/B.lua
2303,2283,Infinity,conflicts-lua_slow/snabb-780f27ef27fecfabf48624a262608c7dfa3a901f-f7c5369526f4fea1830f679f2293a96ae72df724/O.lua,conflicts-lua_slow/snabb-780f27ef27fecfabf48624a262608c7dfa3a901f-f7c5369526f4fea1830f679f2293a96ae72df724/A.lua
9705,10098,Infinity,conflicts-lua_slow/snabb-87b58127ee4c744e9e0252d51c011a7157d00cee-fdf97bef4328c47a3efab710556fb47f4d1cae54/O.lua,conflicts-lua_slow/snabb-87b58127ee4c744e9e0252d51c011a7157d00cee-fdf97bef4328c47a3efab710556fb47f4d1cae54/A.lua
9705,9830,Infinity,conflicts-lua_slow/snabb-87b58127ee4c744e9e0252d51c011a7157d00cee-fdf97bef4328c47a3efab710556fb47f4d1cae54/O.lua,conflicts-lua_slow/snabb-87b58127ee4c744e9e0252d51c011a7157d00cee-fdf97bef4328c47a3efab710556fb47f4d1cae54/B.lua
5733,6860,Infinity,conflicts-lua_slow/snabb-89f66f212f1d0e286567c900081588e3fe2cbc08-32e80df87b36c1631703304de5b4a888d3b1b884/O.lua,conflicts-lua_slow/snabb-89f66f212f1d0e286567c900081588e3fe2cbc08-32e80df87b36c1631703304de5b4a888d3b1b884/A.lua
5733,5815,Infinity,conflicts-lua_slow/snabb-89f66f212f1d0e286567c900081588e3fe2cbc08-32e80df87b36c1631703304de5b4a888d3b1b884/O.lua,conflicts-lua_slow/snabb-89f66f212f1d0e286567c900081588e3fe2cbc08-32e80df87b36c1631703304de5b4a888d3b1b884/B.lua
8816,8847,Infinity,conflicts-lua_slow/snabb-8dd093ba2f4e5ee6328baa5b851618b14f2efde9-5f858492bc4ba1b32a5ad73678647a821782941c/O.lua,conflicts-lua_slow/snabb-8dd093ba2f4e5ee6328baa5b851618b14f2efde9-5f858492bc4ba1b32a5ad73678647a821782941c/B.lua
12004,13618,Infinity,conflicts-lua_slow/snabb-8dd093ba2f4e5ee6328baa5b851618b14f2efde9-6bc38066fe3bc251a47112e5526608e630d4c22f/O.lua,conflicts-lua_slow/snabb-8dd093ba2f4e5ee6328baa5b851618b14f2efde9-6bc38066fe3bc251a47112e5526608e630d4c22f/B.lua
807,805,Infinity,conflicts-lua_slow/snabb-9f1319f764eee75b5dc2277eae0623752b1e577e-26acee92924e74619e86440ef19ec16c531dbcfa/O.lua,conflicts-lua_slow/snabb-9f1319f764eee75b5dc2277eae0623752b1e577e-26acee92924e74619e86440ef19ec16c531dbcfa/B.lua
2991,2973,Infinity,conflicts-lua_slow/snabb-9f1319f764eee75b5dc2277eae0623752b1e577e-8d27d9b08cd445806f2418e1f8c45e081df23691/O.lua,conflicts-lua_slow/snabb-9f1319f764eee75b5dc2277eae0623752b1e577e-8d27d9b08cd445806f2418e1f8c45e081df23691/B.lua
10716,10263,Infinity,conflicts-lua_slow/snabb-9fd4881aa66378cdd5a233fbbea7e5f64ec90651-4986149b80bddf3dfa43b69c11b0820f4ea1401a/O.lua,conflicts-lua_slow/snabb-9fd4881aa66378cdd5a233fbbea7e5f64ec90651-4986149b80bddf3dfa43b69c11b0820f4ea1401a/A.lua
10716,10768,Infinity,conflicts-lua_slow/snabb-9fd4881aa66378cdd5a233fbbea7e5f64ec90651-4986149b80bddf3dfa43b69c11b0820f4ea1401a/O.lua,conflicts-lua_slow/snabb-9fd4881aa66378cdd5a233fbbea7e5f64ec90651-4986149b80bddf3dfa43b69c11b0820f4ea1401a/B.lua
7610,7648,Infinity,conflicts-lua_slow/snabb-a564a47a78f88e3da8a69ff9c5ed62e9eaf4e53e-8bae69769b805d5d9d4ea3b393840b6a8ea1b675/O.lua,conflicts-lua_slow/snabb-a564a47a78f88e3da8a69ff9c5ed62e9eaf4e53e-8bae69769b805d5d9d4ea3b393840b6a8ea1b675/A.lua
7610,9663,Infinity,conflicts-lua_slow/snabb-a564a47a78f88e3da8a69ff9c5ed62e9eaf4e53e-8bae69769b805d5d9d4ea3b393840b6a8ea1b675/O.lua,conflicts-lua_slow/snabb-a564a47a78f88e3da8a69ff9c5ed62e9eaf4e53e-8bae69769b805d5d9d4ea3b393840b6a8ea1b675/B.lua
6369,6284,Infinity,conflicts-lua_slow/snabb-a5a537309bb2f9d2e53e83d8cc88633f6b57e232-afedfd91afa902180f9f4f30315c008983cb49e9/O.lua,conflicts-lua_slow/snabb-a5a537309bb2f9d2e53e83d8cc88633f6b57e232-afedfd91afa902180f9f4f30315c008983cb49e9/A.lua
6369,6398,Infinity,conflicts-lua_slow/snabb-a5a537309bb2f9d2e53e83d8cc88633f6b57e232-afedfd91afa902180f9f4f30315c008983cb49e9/O.lua,conflicts-lua_slow/snabb-a5a537309bb2f9d2e53e83d8cc88633f6b57e232-afedfd91afa902180f9f4f30315c008983cb49e9/B.lua
8712,10755,Infinity,conflicts-lua_slow/snabb-b14bc56108f016e37f86ff79b5cce4284dac963a-a41434000c35ac43694fe617ddace590509184b0/O.lua,conflicts-lua_slow/snabb-b14bc56108f016e37f86ff79b5cce4284dac963a-a41434000c35ac43694fe617ddace590509184b0/A.lua
8712,8932,Infinity,conflicts-lua_slow/snabb-b14bc56108f016e37f86ff79b5cce4284dac963a-a41434000c35ac43694fe617ddace590509184b0/O.lua,conflicts-lua_slow/snabb-b14bc56108f016e37f86ff79b5cce4284dac963a-a41434000c35ac43694fe617ddace590509184b0/B.lua
9840,9848,Infinity,conflicts-lua_slow/snabb-b4433afedc294b54aa6445b94b300aa0e15306dd-35d52044bd36cba579760d52b70d6a8b2e575a0b/O.lua,conflicts-lua_slow/snabb-b4433afedc294b54aa6445b94b300aa0e15306dd-35d52044bd36cba579760d52b70d6a8b2e575a0b/A.lua
9840,9570,Infinity,conflicts-lua_slow/snabb-b4433afedc294b54aa6445b94b300aa0e15306dd-35d52044bd36cba579760d52b70d6a8b2e575a0b/O.lua,conflicts-lua_slow/snabb-b4433afedc294b54aa6445b94b300aa0e15306dd-35d52044bd36cba579760d52b70d6a8b2e575a0b/B.lua
1375,1391,Infinity,conflicts-lua_slow/snabb-bd41b1d2e8c2217f55459ad8ad2a49f9e7f0418b-157c34bc6431fbb643b05e838acb1a06094cd452/O.lua,conflicts-lua_slow/snabb-bd41b1d2e8c2217f55459ad8ad2a49f9e7f0418b-157c34bc6431fbb643b05e838acb1a06094cd452/B.lua
77,77,Infinity,conflicts-lua_slow/snabb-bd41b1d2e8c2217f55459ad8ad2a49f9e7f0418b-15d55243a85ecb3776b8ea469b94b65e6ce1f893/O.lua,conflicts-lua_slow/snabb-bd41b1d2e8c2217f55459ad8ad2a49f9e7f0418b-15d55243a85ecb3776b8ea469b94b65e6ce1f893/B.lua
2256,2256,Infinity,conflicts-lua_slow/snabb-bd41b1d2e8c2217f55459ad8ad2a49f9e7f0418b-320039ff3532c810538f94d1853fc7a30533d0bf/O.lua,conflicts-lua_slow/snabb-bd41b1d2e8c2217f55459ad8ad2a49f9e7f0418b-320039ff3532c810538f94d1853fc7a30533d0bf/B.lua
7741,7750,Infinity,conflicts-lua_slow/snabb-bd41b1d2e8c2217f55459ad8ad2a49f9e7f0418b-38fc61f931d1fd6a14018eae067615c574c87e2e/O.lua,conflicts-lua_slow/snabb-bd41b1d2e8c2217f55459ad8ad2a49f9e7f0418b-38fc61f931d1fd6a14018eae067615c574c87e2e/B.lua
185,185,Infinity,conflicts-lua_slow/snabb-bd41b1d2e8c2217f55459ad8ad2a49f9e7f0418b-69f0f169147f0894697e899f56a7d7601a111e8a/O.lua,conflicts-lua_slow/snabb-bd41b1d2e8c2217f55459ad8ad2a49f9e7f0418b-69f0f169147f0894697e899f56a7d7601a111e8a/B.lua
3721,3757,Infinity,conflicts-lua_slow/snabb-bd41b1d2e8c2217f55459ad8ad2a49f9e7f0418b-97d4ccdf87c13586a97dde8ebdd306a9860c901c/O.lua,conflicts-lua_slow/snabb-bd41b1d2e8c2217f55459ad8ad2a49f9e7f0418b-97d4ccdf87c13586a97dde8ebdd306a9860c901c/B.lua
13618,13627,Infinity,conflicts-lua_slow/snabb-bd41b1d2e8c2217f55459ad8ad2a49f9e7f0418b-a7c05ed6d522b3ded326c9f31d74b72f28b3eb28/O.lua,conflicts-lua_slow/snabb-bd41b1d2e8c2217f55459ad8ad2a49f9e7f0418b-a7c05ed6d522b3ded326c9f31d74b72f28b3eb28/B.lua
8847,8979,Infinity,conflicts-lua_slow/snabb-bd41b1d2e8c2217f55459ad8ad2a49f9e7f0418b-b1cdcfe294b96e950da6b613d2f0f0f7eb9b1f7a/O.lua,conflicts-lua_slow/snabb-bd41b1d2e8c2217f55459ad8ad2a49f9e7f0418b-b1cdcfe294b96e950da6b613d2f0f0f7eb9b1f7a/B.lua
1903,1903,Infinity,conflicts-lua_slow/snabb-bd62dfa5851a609a435f8cba8a5f7c51cff0ac08-9e3e9b9144b4c56418f61b5f33a1d496ade8827f/O.lua,conflicts-lua_slow/snabb-bd62dfa5851a609a435f8cba8a5f7c51cff0ac08-9e3e9b9144b4c56418f61b5f33a1d496ade8827f/B.lua
7701,7669,Infinity,conflicts-lua_slow/snabb-d8cfc370ef182ff3240ffd1e27e33d4594fde658-2ba234d04d7618b2f936271d254262833013a448/O.lua,conflicts-lua_slow/snabb-d8cfc370ef182ff3240ffd1e27e33d4594fde658-2ba234d04d7618b2f936271d254262833013a448/A.lua
7701,7701,Infinity,conflicts-lua_slow/snabb-d8cfc370ef182ff3240ffd1e27e33d4594fde658-2ba234d04d7618b2f936271d254262833013a448/O.lua,conflicts-lua_slow/snabb-d8cfc370ef182ff3240ffd1e27e33d4594fde658-2ba234d04d7618b2f936271d254262833013a448/B.lua
8702,8816,Infinity,conflicts-lua_slow/snabb-d8cfc370ef182ff3240ffd1e27e33d4594fde658-589543f1fddee47b9c039ac754b63ddfad7ea377/O.lua,conflicts-lua_slow/snabb-d8cfc370ef182ff3240ffd1e27e33d4594fde658-589543f1fddee47b9c039ac754b63ddfad7ea377/A.lua
8702,8702,Infinity,conflicts-lua_slow/snabb-d8cfc370ef182ff3240ffd1e27e33d4594fde658-589543f1fddee47b9c039ac754b63ddfad7ea377/O.lua,conflicts-lua_slow/snabb-d8cfc370ef182ff3240ffd1e27e33d4594fde658-589543f1fddee47b9c039ac754b63ddfad7ea377/B.lua
11955,11654,Infinity,conflicts-lua_slow/tarantool-14fb3845679f8e55f4c0a38402e3b160dedb501e-6273f442bff0ff1f854b20da25364214ac236249/O.lua,conflicts-lua_slow/tarantool-14fb3845679f8e55f4c0a38402e3b160dedb501e-6273f442bff0ff1f854b20da25364214ac236249/A.lua
11955,12281,Infinity,conflicts-lua_slow/tarantool-14fb3845679f8e55f4c0a38402e3b160dedb501e-6273f442bff0ff1f854b20da25364214ac236249/O.lua,conflicts-lua_slow/tarantool-14fb3845679f8e55f4c0a38402e3b160dedb501e-6273f442bff0ff1f854b20da25364214ac236249/B.lua
1562,1595,Infinity,conflicts-lua_slow/tarantool-1626b020ca00e67df419e86e87c48aee19fe876b-44ab391427d8098ed15297ed4f3e5e65ab8a6c93/O.lua,conflicts-lua_slow/tarantool-1626b020ca00e67df419e86e87c48aee19fe876b-44ab391427d8098ed15297ed4f3e5e65ab8a6c93/A.lua
85,103,Infinity,conflicts-lua_slow/tarantool-2f89b5911a3de8203894a6ec12e38926e96abce2-6711d955d3d5ee4d9146eaf87c16ae3d5a205773/O.lua,conflicts-lua_slow/tarantool-2f89b5911a3de8203894a6ec12e38926e96abce2-6711d955d3d5ee4d9146eaf87c16ae3d5a205773/B.lua
75,93,Infinity,conflicts-lua_slow/tarantool-2f89b5911a3de8203894a6ec12e38926e96abce2-715defa4329f047bde96bf188d89845fb69d2c5f/O.lua,conflicts-lua_slow/tarantool-2f89b5911a3de8203894a6ec12e38926e96abce2-715defa4329f047bde96bf188d89845fb69d2c5f/B.lua
85,103,Infinity,conflicts-lua_slow/tarantool-2f89b5911a3de8203894a6ec12e38926e96abce2-d3ff697f2492ed4360d0aef96ffcf1df9c45f27d/O.lua,conflicts-lua_slow/tarantool-2f89b5911a3de8203894a6ec12e38926e96abce2-d3ff697f2492ed4360d0aef96ffcf1df9c45f27d/B.lua
12297,12135,Infinity,conflicts-lua_slow/tarantool-3496db7a12b0cbbbf48e003ab98e2a7c79698fd4-fa3be1ee8bf9cf36626c2e790d2c90e3b8e475c7/O.lua,conflicts-lua_slow/tarantool-3496db7a12b0cbbbf48e003ab98e2a7c79698fd4-fa3be1ee8bf9cf36626c2e790d2c90e3b8e475c7/A.lua
12297,12399,Infinity,conflicts-lua_slow/tarantool-3496db7a12b0cbbbf48e003ab98e2a7c79698fd4-fa3be1ee8bf9cf36626c2e790d2c90e3b8e475c7/O.lua,conflicts-lua_slow/tarantool-3496db7a12b0cbbbf48e003ab98e2a7c79698fd4-fa3be1ee8bf9cf36626c2e790d2c90e3b8e475c7/B.lua
12672,12628,Infinity,conflicts-lua_slow/tarantool-3e4a8caeff20dfb6dbe042fa46f02a4493de6127-0b705fee46921b71b1718c71ea60704c79e97138/O.lua,conflicts-lua_slow/tarantool-3e4a8caeff20dfb6dbe042fa46f02a4493de6127-0b705fee46921b71b1718c71ea60704c79e97138/A.lua
12672,12662,Infinity,conflicts-lua_slow/tarantool-3e4a8caeff20dfb6dbe042fa46f02a4493de6127-0b705fee46921b71b1718c71ea60704c79e97138/O.lua,conflicts-lua_slow/tarantool-3e4a8caeff20dfb6dbe042fa46f02a4493de6127-0b705fee46921b71b1718c71ea60704c79e97138/B.lua
10672,10372,Infinity,conflicts-lua_slow/tarantool-5b4b059652111795571a987aab63004c79b8e650-e0d701ee4fa7c0e28313df461a6c4cec51b31006/O.lua,conflicts-lua_slow/tarantool-5b4b059652111795571a987aab63004c79b8e650-e0d701ee4fa7c0e28313df461a6c4cec51b31006/A.lua
10672,10424,Infinity,conflicts-lua_slow/tarantool-5b4b059652111795571a987aab63004c79b8e650-e0d701ee4fa7c0e28313df461a6c4cec51b31006/O.lua,conflicts-lua_slow/tarantool-5b4b059652111795571a987aab63004c79b8e650-e0d701ee4fa7c0e28313df461a6c4cec51b31006/B.lua
10325,10019,Infinity,conflicts-lua_slow/tarantool-6a2f3cc80dfc4e5dd625bc7139fa950c99810f76-e811602687972d093838b0ac4a6ead0dc5ddd0fc/O.lua,conflicts-lua_slow/tarantool-6a2f3cc80dfc4e5dd625bc7139fa950c99810f76-e811602687972d093838b0ac4a6ead0dc5ddd0fc/A.lua
10325,10512,Infinity,conflicts-lua_slow/tarantool-6a2f3cc80dfc4e5dd625bc7139fa950c99810f76-e811602687972d093838b0ac4a6ead0dc5ddd0fc/O.lua,conflicts-lua_slow/tarantool-6a2f3cc80dfc4e5dd625bc7139fa950c99810f76-e811602687972d093838b0ac4a6ead0dc5ddd0fc/B.lua
10525,10228,Infinity,conflicts-lua_slow/tarantool-72ffee2bcf14d60ba0dcd03499627cf2dffd37c5-284f1c156ea6b8c40a2b4e6994d51dd3210d13c9/O.lua,conflicts-lua_slow/tarantool-72ffee2bcf14d60ba0dcd03499627cf2dffd37c5-284f1c156ea6b8c40a2b4e6994d51dd3210d13c9/A.lua
10525,10672,Infinity,conflicts-lua_slow/tarantool-72ffee2bcf14d60ba0dcd03499627cf2dffd37c5-284f1c156ea6b8c40a2b4e6994d51dd3210d13c9/O.lua,conflicts-lua_slow/tarantool-72ffee2bcf14d60ba0dcd03499627cf2dffd37c5-284f1c156ea6b8c40a2b4e6994d51dd3210d13c9/B.lua
12662,12618,Infinity,conflicts-lua_slow/tarantool-7c8a5825b578b9a650dfde88f4c160951dca4b67-b3c3003ee6f90a57bb8a45b0396efdc89cbfba09/O.lua,conflicts-lua_slow/tarantool-7c8a5825b578b9a650dfde88f4c160951dca4b67-b3c3003ee6f90a57bb8a45b0396efdc89cbfba09/A.lua
12662,12823,Infinity,conflicts-lua_slow/tarantool-7c8a5825b578b9a650dfde88f4c160951dca4b67-b3c3003ee6f90a57bb8a45b0396efdc89cbfba09/O.lua,conflicts-lua_slow/tarantool-7c8a5825b578b9a650dfde88f4c160951dca4b67-b3c3003ee6f90a57bb8a45b0396efdc89cbfba09/B.lua
9565,9989,Infinity,conflicts-lua_slow/tarantool-8d89b64183ecdbfc8d84a196f4fb0476f0ac7c01-ca7c1be90de9886db6e9dc64d4a47a43d2db5fda/O.lua,conflicts-lua_slow/tarantool-8d89b64183ecdbfc8d84a196f4fb0476f0ac7c01-ca7c1be90de9886db6e9dc64d4a47a43d2db5fda/A.lua
9565,10325,Infinity,conflicts-lua_slow/tarantool-8d89b64183ecdbfc8d84a196f4fb0476f0ac7c01-ca7c1be90de9886db6e9dc64d4a47a43d2db5fda/O.lua,conflicts-lua_slow/tarantool-8d89b64183ecdbfc8d84a196f4fb0476f0ac7c01-ca7c1be90de9886db6e9dc64d4a47a43d2db5fda/B.lua
12399,12216,Infinity,conflicts-lua_slow/tarantool-8dbdac93f3d3ba2b0ae4e88ca84837879892e598-3c04efe5b0dad8e6ed5f0b93276194adbdb0dbaf/O.lua,conflicts-lua_slow/tarantool-8dbdac93f3d3ba2b0ae4e88ca84837879892e598-3c04efe5b0dad8e6ed5f0b93276194adbdb0dbaf/A.lua
12399,12687,Infinity,conflicts-lua_slow/tarantool-8dbdac93f3d3ba2b0ae4e88ca84837879892e598-3c04efe5b0dad8e6ed5f0b93276194adbdb0dbaf/O.lua,conflicts-lua_slow/tarantool-8dbdac93f3d3ba2b0ae4e88ca84837879892e598-3c04efe5b0dad8e6ed5f0b93276194adbdb0dbaf/B.lua
4009,3950,Infinity,conflicts-lua_slow/tarantool-9cd35425f98c772eb44ca250920791025b016d0c-a2d35db1907548d740fa5359a6301e4004da937d/O.lua,conflicts-lua_slow/tarantool-9cd35425f98c772eb44ca250920791025b016d0c-a2d35db1907548d740fa5359a6301e4004da937d/B.lua
10674,10448,Infinity,conflicts-lua_slow/tarantool-bc02427b1104180e99efa0d86080c03148758131-d5431929955fd8f468c1d930bab71634e06ec3c6/O.lua,conflicts-lua_slow/tarantool-bc02427b1104180e99efa0d86080c03148758131-d5431929955fd8f468c1d930bab71634e06ec3c6/A.lua
10674,11662,Infinity,conflicts-lua_slow/tarantool-bc02427b1104180e99efa0d86080c03148758131-d5431929955fd8f468c1d930bab71634e06ec3c6/O.lua,conflicts-lua_slow/tarantool-bc02427b1104180e99efa0d86080c03148758131-d5431929955fd8f468c1d930bab71634e06ec3c6/B.lua
9119,9143,Infinity,conflicts-lua_slow/tarantool-cb78299f0e78ae4823e62ca3506d91352d558888-3e8fdd797639bdf25c0574e624b57f31cd3f3423/O.lua,conflicts-lua_slow/tarantool-cb78299f0e78ae4823e62ca3506d91352d558888-3e8fdd797639bdf25c0574e624b57f31cd3f3423/A.lua
9119,9149,Infinity,conflicts-lua_slow/tarantool-cb78299f0e78ae4823e62ca3506d91352d558888-3e8fdd797639bdf25c0574e624b57f31cd3f3423/O.lua,conflicts-lua_slow/tarantool-cb78299f0e78ae4823e62ca3506d91352d558888-3e8fdd797639bdf25c0574e624b57f31cd3f3423/B.lua
12734,12634,Infinity,conflicts-lua_slow/tarantool-ecd31ef5f767b97ad5e12c4e8d721b4e39dd1a45-b88c0cf56179c5167a18b775879001ceeef5cdf5/O.lua,conflicts-lua_slow/tarantool-ecd31ef5f767b97ad5e12c4e8d721b4e39dd1a45-b88c0cf56179c5167a18b775879001ceeef5cdf5/A.lua
12734,12660,Infinity,conflicts-lua_slow/tarantool-ecd31ef5f767b97ad5e12c4e8d721b4e39dd1a45-b88c0cf56179c5167a18b775879001ceeef5cdf5/O.lua,conflicts-lua_slow/tarantool-ecd31ef5f767b97ad5e12c4e8d721b4e39dd1a45-b88c0cf56179c5167a18b775879001ceeef5cdf5/B.lua
11202,12335,Infinity,conflicts-lua_slow/tarantool-f4b8b743652daf2707c98dd4681cc0c07791be70-7e6798a1c9bad38380145a3c553fd68a7659fc39/O.lua,conflicts-lua_slow/tarantool-f4b8b743652daf2707c98dd4681cc0c07791be70-7e6798a1c9bad38380145a3c553fd68a7659fc39/A.lua
11202,12023,Infinity,conflicts-lua_slow/tarantool-f4b8b743652daf2707c98dd4681cc0c07791be70-7e6798a1c9bad38380145a3c553fd68a7659fc39/O.lua,conflicts-lua_slow/tarantool-f4b8b743652daf2707c98dd4681cc0c07791be70-7e6798a1c9bad38380145a3c553fd68a7659fc39/B.lua
9967,10058,Infinity,conflicts-lua_slow/tarantool-f8b405a479feed4a6643632b3fdd6c93906ce6d8-2f2a936772a3e79a5b5fdba7fceab743dde2d4b1/O.lua,conflicts-lua_slow/tarantool-f8b405a479feed4a6643632b3fdd6c93906ce6d8-2f2a936772a3e79a5b5fdba7fceab743dde2d4b1/A.lua
9967,9978,Infinity,conflicts-lua_slow/tarantool-f8b405a479feed4a6643632b3fdd6c93906ce6d8-2f2a936772a3e79a5b5fdba7fceab743dde2d4b1/O.lua,conflicts-lua_slow/tarantool-f8b405a479feed4a6643632b3fdd6c93906ce6d8-2f2a936772a3e79a5b5fdba7fceab743dde2d4b1/B.lua
12823,13274,Infinity,conflicts-lua_slow/tarantool-fdd86aa57dfc98ef9cb24f991de9e3916115b1ed-c42b5657f9b10c49e44461d69fb82576bd8e3fe2/O.lua,conflicts-lua_slow/tarantool-fdd86aa57dfc98ef9cb24f991de9e3916115b1ed-c42b5657f9b10c49e44461d69fb82576bd8e3fe2/A.lua
12823,12856,Infinity,conflicts-lua_slow/tarantool-fdd86aa57dfc98ef9cb24f991de9e3916115b1ed-c42b5657f9b10c49e44461d69fb82576bd8e3fe2/O.lua,conflicts-lua_slow/tarantool-fdd86aa57dfc98ef9cb24f991de9e3916115b1ed-c42b5657f9b10c49e44461d69fb82576bd8e3fe2/B.lua
6800,6803,Infinity,conflicts-lua_slow/telegram-bot-6b921e0f410410818b2d89a0244c86bf6beb7295-3f340e76417063257117ec312625f8f2fc545f74/O.lua,conflicts-lua_slow/telegram-bot-6b921e0f410410818b2d89a0244c86bf6beb7295-3f340e76417063257117ec312625f8f2fc545f74/A.lua
6800,4227,Infinity,conflicts-lua_slow/telegram-bot-6b921e0f410410818b2d89a0244c86bf6beb7295-3f340e76417063257117ec312625f8f2fc545f74/O.lua,conflicts-lua_slow/telegram-bot-6b921e0f410410818b2d89a0244c86bf6beb7295-3f340e76417063257117ec312625f8f2fc545f74/B.lua
